>PTr-3 [Vassetzky Oct 2011] Populus trichocarpa/Planta	GCACTTGAGGGTCTAGCTGCTGTGGTCAATCGTGTGACTTGTTCCGTCCCCGTCCCGGGTTCGACCCTCTATGTGCACGCCTGTCACCCCCGCGGTGCCT
>DIP [Vassetzky Dec 2005] Dipodidae & Zapodidae/Mammalia	GCACATGCATCTGGAGTTCGTTTGCAGTGGCTGGAGGCCCTGGCATGCCCATTCTCTCTCTCTCTCTCTCTCTCTCTCTCTCTCTCTCTCAAATAAATAA
>B4 [Vassetzky Jun 2011] rat & mouse/Mammalia	GGGCTGGGGAGGATGGCTCAGTCGGTAAAGTGCTTGCTGTGCAAGCATGAGGACCTGAGTTCAGATCCCCAGAACCCACATATAAAAAAGCCAGGCATGG
>HaSE1 [Wang 2012] certain owlet moths/Insecta	AAGTCGTGGTGGCCTAGTGGGTAAAGAACCAACCTCTCAAGTATGAGGGCGCGGGTTCGATTCCAGGCAGGCAAGTACCAATGCAACTTTTCTAAGTTTG
>HaSE1 [Wang 2012] certain owlet moths/Insecta	TATGTACTTTCTAAGTATATCTTAGACACCAATGACTGTGTTTCGGATGGCACGTTAAACTGTAGGTCCCGGCTGTCATTGAACATCCTTGGCAGTCGTT
>DR-1 [Vassetzky Oct 2012; RepBase SINE_DR1 based] Danio rerio/Osteichthyes	GTGCATTTATGAAGTGTGCTTCACACAGGTGAGTGGGCTTGACAAACCACCTGTAGAAACACTCTTCTCTCTATAAAAAAAAAAAAAAACACTCCCCCCT
>DR-1 [Vassetzky Oct 2012; RepBase SINE_DR1 based] Danio rerio/Osteichthyes	CCTTACTCTAGCACTTAATTCTCTGAGCACTAACAGTTCCTTTGTATAATTAGCACTTCTTGTGTGTATTGCCTCTTCTTGTTGAATCGCTGAATGCCTC
>MEG-RL [Gogolevsky 2009] megabats/Mammalia	GTCTACGGCCATGCCACCCTGAACAAGCCCGATCCCGTCTGATCTCGGAAGCTAAGCAGGGTCGGGCCTGGTTAGTACTTGGATGGGAGACCACCTAGGA
>MEG-RL [Gogolevsky 2009] megabats/Mammalia	AGACCAGGTGCTGTAGGCGTAAAAAATAAAAAAATAAGGGATTGTAAGCTGACAAGGTCCTTGCAATCTGTGAGGTCAACCAAGGGTTGCCTCGCCTAAA
>FabaS-I [Wenke 2011] Fabaceae/Planta	ATCCAGAAGTCCTAGCTCAACTGGCAAAATGCCGAAATTGTTAGGCCGGATGCCATGACCGGGGTTCGAACCCCGGTACCTCCACTTGTGTGTGTGAGTT
>BmSE [Xu 2010] silkworm/Insecta	AACGGCCGTCTGGTGTAGTGGTAAGTGACATGGTCACTACACAAGGGGGTCGCGGGTTCGAATCCCGCCAAGGGAAGATATTTGTATGATAAATATAAAT
>BmSE [Xu 2010] silkworm/Insecta	GTCTTTTCCAGGGTTATGGATGTATATTAAATATTGTATGTGTATAATAAAAATCTTACATTTATTTCCGTTATCTGGTACCTGTAACACAAGTTCTTTA
>Cre-1 [RepBase; SINEX-1_CR] Chlamydomonas reinhardtii/Algae	ATCACCGGATCGCTAACTCAGTTAGCGATTTGACTCGTCCTTACGGCAGAAGGGACCCGGGTACGAATCCGGATAAAAGCCCAATTATGCAAAAGGCGAA
>Cre-1 [RepBase; SINEX-1_CR] Chlamydomonas reinhardtii/Algae	AGATTGGTGCGAAACCGATTGGTGATCCCACGAACGATAGGTAATTGCCCTTAGTGGCAATTGCGGGCTTATGCCCGCTGCAACCTAGAAAGGTCGTGGT
>Cre-1 [RepBase; SINEX-1_CR] Chlamydomonas reinhardtii/Algae	GCAGAAGTCCGATTTAGTGGCGAGGTCCAAGGTTCAAGACAAGGCTCAAGATCCAAGGCTCGAGGAGGAGCGCCATGGCTCCTCGGTTTGCACGAACTGG
>Cre-1 [RepBase; SINEX-1_CR] Chlamydomonas reinhardtii/Algae	CAGTGCTCCACTACTATAACGCGGCGTTTCCCTAGCTCGATATGCTAGGTGTGCAGGCTTGGATGTAGTGGACTTTGAAGAGCGGCCTAGGACTTGGAGG
>Cre-1 [RepBase; SINEX-1_CR] Chlamydomonas reinhardtii/Algae	TTGTAGTTTCGGAGGTTGTGACTCTTTCGTGGTGAGGCGTCAGCGTGAGGGGGGCGGGCCCTCTCGCCCTAGTCACCTTGCCCCGTTAATCCATGCCAGG
>HpaI [Matveev 2009] Salmonoidei/Salmonoidei	GGGGCGGCAGGGTAGCCTAGTGGTTAGAGCGTTGGACTAGTAACCGAAAGGTTGCAAGTTCAAATCCCCGAGCTGACAAGGTACAAATCTGTCGTTCTGC
>PTr-2 [RepBase; SINE2-2_PTr] Populus trichocarpa/Planta	TGAGGGGTGTAGCTCAACTGGTCAGGTTCTAGGTTTGCTTTCTAGAGATCACCAGTTCGAGTCTCACAAATCTCAGGGCCACTGGAGGCTTACATGGTCG
>SolS-IIIa [Wenke 2011] Solanacea/Planta	ACCCTTCGGGGTGGCCCAGTGGTTTGGGCTTGGGACTTCCATGTTGGAGGTCTCAAGTTCGAAACCCCTTGCCAGCGAAAGCAAGGGGTTTGCCTTCTGG
>SolS-IIIa [Wenke 2011] Solanacea/Planta	GTCGAGCTCGTCGCACCGGGCTTGCCTAGTGCGGGTTACCTCTCCTATGTGGTTTGCGAGCTATTGCATAGGAGCGGGGGTTTTACCCTGTGCGCACCCA
>FabaS-II [RepBase; SINE1_MT] Medicago truncatula/Planta	AACCCACTTGGGTTGGCCTAGTGGTATTGGCTTGGGACCTGGGAGTGTGCTCCTCCTCAAGGTCTCAGGTTCGATTCTCTCTGGTGCCAATTTGAGGGGG
>OR2 [Ohshima 1994] Octopus/Molusca	GTGGAGGCGCGTGGCTTAGTGGTTAGGGTGTCAGCATCATGATCGTAAGATTGTGGTTTCGATTCCTGGACCGGGCGACGCGTTGTGTTCTTGAGCAAAA
>OR2 [Ohshima 1994] Octopus/Molusca	CACTTCATTTCACGTTGCTCCAGTCCACTCAGCTGGCAAAAATGAGTAACGCTGCGATGGACTGGCGTCCCGTCCAGCTGGGGAACACATACGCCATTGA
>OsSN2 [Tsuchimoto 2008] rice/Planta	GCGAAGTGAGCGTAGCTCAACTGGTTAGGTTCCTTGTGGTGGAACCAGCCCACCCGGGTTCAAATCCTAGATTTGACACGGGTGCTCGCATTTACGGCTA
>OsSN2 [Tsuchimoto 2008] rice/Planta	ATTATTCTTTCAGTGGTAGGCGACGTACCCGTCGACAGCGAGGCGCCTGTGGTGACTTCGTCAATCTCAAGATATGTCGGCCCAGTCTTTCGGAGGTGCT
>CucuS-II [Wenke 2011] Cucurbitaceae/Planta	GCCAACATGAGCTTAGCTCAACTGGCACCTGTATGTTCCTGTGGACAAGAGGTCCCGGGTTCAAATCCCCACCCCAGCATTTATTACAATACCTTTGCAA
>Xt-1 [Vassetzky Oct 2012; RepBase MIR_Xt based] Xenopus tropicalis/Amphibia	AGGAGTTGGCCTAGAGGTTAAGTGATCAGCCTTTGATGTGGGATCTCATGCTAGAGACCCTGGTTTGATTCCCTGTGGCAACTCCTTGTGACCCTGGACA
>Xt-1 [Vassetzky Oct 2012; RepBase MIR_Xt based] Xenopus tropicalis/Amphibia	AGTCACTTAATCTCCTGGTGTCCCAGCATACTTAGTGCACCTATAATGGCTGCCTTGCTTGCTGTAAAGCGCTTTGAGTCCCATGGGAGAAAAGCACTAT
>IscNinDC [Piskurek 2011] Ixodes scapularis/Arachnida	GGGGGATCGGTGGCCGAGTGGTCTAGCGCACACCAGCTCGGAGCACGTGGAGCGAAAGCTCGCGCTGCAGAACCCAGGGATCCTGGGTTCGAGCCCCACC
>IscNinDC [Piskurek 2011] Ixodes scapularis/Arachnida	CCTGCCCGTTTCGATCTGGATGAGCATCGTACCGGCGTGCGGTCGTGTATCACTACTGCGTGATGCACGTTAAAGACCCCAGGCTAGCGGCTGTACCGCA
>IscNinDC [Piskurek 2011] Ixodes scapularis/Arachnida	CTGGCTAAATTGCTCATCTACAGCTGGGAGACTCGTCGCCCCTGTGAGGCAGACCAAGTTCTAGGCTGTATAAACACACACACAACCCAATTTTTTTTTT
>ERI-1 [Borodulina, 2001] hedgehogs/Mammalia	GTGGTCTGGGAGGTGGCGCAGTGGATAAAACATTGGACTCTCAAGCATGAGGTCCTGAGTTCAATCCCCGGCAGCACATGTACCAGAGTGATGTCTGGTT
>SolS-IV [Wenke 2011] Solanacea/Planta	GCCCCCAAGGCCTAGCTCAAGTGGCAAAAGGTGGAGGATTTGTGGCTTAGGTCGCAGGTTCAAGCCCCACACCATGCAAAGCGAAGCCCGGTATTTAAGT
>SolS-IV [Wenke 2011] Solanacea/Planta	GGAGAAGGGTAGAGGGGCGGGCCCATTATCCACCGAGTTTAGAAGGCTGTGATTGGTCCAAAGGGCGGGTCACAGACGGATTTCTCGGTTATCAAAAAAA
>SB14 [Deragon 2006] Brassica/Planta	TAACCGGGGCGTCTAGCTCTGGTGGTAAAGGACTCACAGCTGTGAGCACCGCCACCTGGGTTCGATTCCCGGCCACTGCGGATTTAACATTCGGGCCGCA
>SINE_type_II [Daniels 1983] galago/Mammalia	GCAACCAAAAAAAATAGCCGGGCGTTGTGGCGGGCGCCTGTAGTCCCAGCTACTTGGGAGGCTGAGGCAAGAGAATCGCTTAAGCCCAGGAGTTGGAGGT
>C [Vassetzky Aug 2011] Lagomorpha/Mammalia	GGGGCCGGCGCTGTGGCGCAGTAGGTTAAGCCTCCGCCTGCAGTGCCGGCATCCCATATGGGCGCCGGTTCGAGTCCCGGCTGCTCCACTTCCAATCCAG
>C [Vassetzky Aug 2011] Lagomorpha/Mammalia	CGGATCGGCCCAGCTCCGGCCATTGTGGCCATTTGGGGAGTGAACCAGCGGATGGAAGACCTCTCTCTCTCTCTCTCTCTCTCTCTCTCTGTAACTCTGC
>Mac1 [Munemasa, 2008] kangaroos/Mammalia	GGGCAGCTAGGTGGTGCAGTGGATAGAGCACCAGTGCAGGAGTCAGGAGGACCTGAGTTCAAATCTCACCTCAGACACTTGACACTCACTAGCTGTGTGA
>Mac1 [Munemasa, 2008] kangaroos/Mammalia	CCTTGGGCAAGTCACTTAACCCCAATTGCCTCATCCTGGGTCATCTCCAGTCATCCTGATGAATATCTGGTCACTGGATTCAGATGGCTCTGGAGGAGAA
>BbeA6 [Kosushkin 2020] lancelet/Leptocardii	GTGGGGTCGTGTGGCGTAACGGTAGAGTGTTCGGCTCAGAACCAAGAGGTCCCGGGTTCGAATCCTGCCCATGTCACCGATCTTGTGCCCTTGGGAAAGG
>BbeA6 [Kosushkin 2020] lancelet/Leptocardii	CACTTTACACGACTTTCCTCACTTCACTCAGGTGTAAATGAGTACCTAGCTTCGGTTAGGGACGTCCCTCGGATAGGACGTTAAATGGAGGTCCCGTGTT
>BbeA6 [Kosushkin 2020] lancelet/Leptocardii	TGGGGAGAGCCACACCCCACGCACGTTAAAGAACCCACCACACTTATCGAAAAGAGTAGGGGACCTTCCCGGTGTGAGTGGTTCAAACCTTACAGTCCTA
>BbeA6 [Kosushkin 2020] lancelet/Leptocardii	TGGCCGCACCTGGGGTCGTATTGAGGTCACCTGAGTTAGCGCCGAATGGCAGCCGCTCCAGACCCTTGCGATTAAGCCCCAATAATTGTAAGCTCCTCAC
>Ped-1 [Gogolevsky 2008] springhare/Mammalia	GCCCTGTGGCATCCGATCCCGTCAGATCTCGGAAGCTAAGCAGGGTCGGGCCTGGTTAGTACTTGGATGGGAGACCGCCTGGGAACACCAGATGGAGAAG
>Ped-1 [Gogolevsky 2008] springhare/Mammalia	GACCTGGCAACCCCCTCCCAAAAATCAATCTGCCATTGAAAACCCTATGAACAGCAGAGAAGCACTGACAATAGTGTTTCCCCTGTTGTACATAGGGTCG
>SB15 [Deragon 2006] Brassica/Planta	AACTGGGCGCTTGTGGCCTGGTGGTAAAGGGTTCATGACTGTGAGTTCCGCCACCTAGGTTCGAGTCCCGACCACCGTCGATTAAAATGGGGTGAAAAAG
>SB15 [Deragon 2006] Brassica/Planta	GCGGCCCTCCTGGATGCCTTCGGCTGACTCCCCGGCTCATCTCCGGTGGACGGTCATTAGGCGCTAGTCGGGTCTCTTTCGAGGACATCCGAATACCAGA
>BbeA5 [Kosushkin 2020] lancelet/Leptocardii	GTGGGGTCGTGTGGCGTAGTCGGTAGAGTGTTCGGCTCAGAACCAAGAGGTCCCGGGTTCGAATCCTGCCCATGTGCACCGATCTTGTGCCCTTGGGAAA
>BbeA5 [Kosushkin 2020] lancelet/Leptocardii	GGCACTTTACACGACTTTCCTCACTTCACTCAGGTGTAAATGAGTACCTAGCTTCGGTTAGGGACGTCCCTCGGATAGGACGTTAAATGGAGGTCCCGTG
>BbeA5 [Kosushkin 2020] lancelet/Leptocardii	TTTGGGGAGAGCCACACCCCACGCACGTTAAAGAACCCACCACACTTATCGAAAAGAGTAGGGGACCTTCCCGGTGTGAGTGGTTCAAACCTTACAGTCT
>STRIDM [Vassetzky Aug 2011; RepBase based] Spermophilus tridecemlineatus/Mammalia	GGGCTGGGGTTGTGGCTCAGTGGTAGAGCGCTTGCCTAGCATGTGTGAGGCACTGGGTTCGATCCTCAGCACCACATAAAAATAAAATAAATAAAAAGGG
>STRIDM [Vassetzky Aug 2011; RepBase based] Spermophilus tridecemlineatus/Mammalia	CTGGGGATGTGGCTCAAGCGGTAGCGCGCTCGCCTGGCATGCGTGCGGCCTGGGTTCGATCCTCAGCACCACATACAAACAAAGATGTTGTGTCCACCGA
>HaSE3 [Wang 2012] Helicoverpa armigera/Insecta	AGAAGAGCTCTTGGCTAAGTCAAAGCCGCGCGGATCGATCGATCATAAGGTTAAGCAACGCTTGGCGCGGTCGGTCCGTGGATGGGTGACCATCTTGTCA
>HaSE3 [Wang 2012] Helicoverpa armigera/Insecta	TAATGAGTTCTTCCGTGTTTCGGATGGCACGATAAACTGTAGGTCCCGGCTGCCATTTAAACATCTTTGGTAGTCGTTACGGGTAGTCAGAAGCCAGAAA
>HaSE3 [Wang 2012] Helicoverpa armigera/Insecta	GTCTGACAACCAGTCTTACCAAGGGGTATCGGGTTGCCCAGGTAACTGGGTTGAGGAGGTCAGATAGGCAGTCGCTCCTTGTAAAACACTGGTACTCAGC
>CQ-4 [RepBase; SINE-4_CQ] Culex pipiens/Insecta	GACCGGCCCGTGGCTTAATGGCTACGGCTCCCGCCTCATAAGCGGAAGGTTCCGGGTTCGATTCCCGACCGGTCTCCTTGAAATTATTCGACTATAATTG
>CQ-4 [RepBase; SINE-4_CQ] Culex pipiens/Insecta	AACTTTGAATATGAACAAAAAACGCATGGAATCAGGTGGGATTCGAACTCACACCTTTGGATTGGTAGTCAGATGCTCTAGCCACTCGGCCACCGAGGGG
>CQ-4 [RepBase; SINE-4_CQ] Culex pipiens/Insecta	TTGACACCCCTTGAGTGAATTAATCCGTAGTGGTGAAATAATGTCACAAGGTCATTTACTATATAATACAACAATCCCTTTCCCAACGATTCCCCTACAC
>CQ-4 [RepBase; SINE-4_CQ] Culex pipiens/Insecta	ACACTACACACCATATTCTATAAATAACTCGAAGTGGTTGGTACGGTATGTCCTCACTTCTTCTTCTTCCCCTGATGATTCCATGAAATGTGGGTTCCGT
>CQ-4 [RepBase; SINE-4_CQ] Culex pipiens/Insecta	TCATAGAATCTGTCTCTTGCGGTTAATGCAACGCAGTAGGCCGGGCCGCTTTAGTGAGTGTAATACATTTCGGGGGTTCTCGAAAGTACTGCAATCATTA
>AFC-3 [Vassetzky Oct 2012; based on RepBase SINE3_AFC] African cichlids/Osteichthyes	GGGGCAGGGATAGCTCAGTAGGTAGAGTGGTGGCCCCATGATCGGAAGGTCGGGGGTTCGAATCCACTGAACGGCTACCCTGAGGTACCCCTGAGCAAGG
>Tu-III [Ten 2006; Tu type III] tree shrews/Mammalia	GGGACCAGCAGATGGTGTAATGGTTATGTCGCTGGACTCCCACGTAGTCGACCGCGGTTCGAGTCCCGGACCCGGTGGCTTGAAACTCACGCCGGGTGCG
>Tu-III [Ten 2006; Tu type III] tree shrews/Mammalia	TGTGCGTGCGTGCCCAAAATCCCGAGAGGAGAATGGAGGAGAAGGGATTGCGGCGTGGCCATCCCCCCTGGGGGTGATTTCTCGCTTTCTGTCTCTCTGT
>Pca-1 [Vassetzky Oct 2012; RepBase SINE2-1_Pca based] Procavia capensis/Mammalia	GAGGCTTGCGTGTTGCTATGATGCTGAACAGGTTTCAGCGGAGCTTCCAGACTAAGACGGACTAGGAAGAAAGGCCTGGCGATCTACTTCCGAAAATCAG
>Pca-1 [Vassetzky Oct 2012; RepBase SINE2-1_Pca based] Procavia capensis/Mammalia	CCAATGAAAACCCCTATGGATCACAATGGTCTGATCTGCAACCGATCATGGGGATGGCGCAGGACCGGGCAGCATTTCGTTCCATTGTGCATGGGGTCAC
>vic-1 [Lin 2001] vicuna/Mammalia	GGGGAGGGTATAGCTCAGTGGTAGAGCGCATGCTTAGCATGCACGAGGTCCTGGGTTCAATCCCCAGTACCTCCATTAAAAAAAAAATTAAAAAAAAACT
>SP-D-Geo [Churakov 2010] Dipodomys ordii/Mammalia	AGCCGGGCGCTGGTGGCTCACGCCTGTAATCCTAGCTACTCAGGAGGCTGAGATCTGAGGATCGCGGTTCAAAGCCAGCCCGGGCAGGAAAGTCCGTGAG
>SP-D-Geo [Churakov 2010] Dipodomys ordii/Mammalia	ACTCTTATCTCCAATAAACCACCAGAAAACCGGAAGTGGCGCTGTGGCTCAAGTGGTAGAGCGCTCGCCTTGAGCTGAAGAGCTGAGGGACAGCGCCCAG
>AC1 [Ogiwara 2002; from fugu] fugu & medaka/Osteichthyes	GGCGGCACGGTGGTGTGGTGGTTAGCACTGTTGCCTCACAGCAAGAAGGCCCTGGGTTCGATCCCCGGTTGGGACTGAGGCTGGGGACTTTCTGTGTGGA
>AC1 [Ogiwara 2002; from fugu] fugu & medaka/Osteichthyes	GTGTGCATGTTCTCCCTGTGCCTGCGTGGGTTCTCTCCGGGTACTCCGGCTTCCTCCCACAGTCCAAAGACATGCATGATTGGGGATTAGGCTAATTGGA
>AC1 [Ogiwara 2002; from fugu] fugu & medaka/Osteichthyes	AACTCTAAATTGCCCGTAGGTGTGAGTGTGAGAGAGAATGGTTGTTTGTCTATATGTGTTAGCCCTGCGATTGACTGGCGTCCAGTCCAGGGTGTACCCT
>FabaS-VIII [Wenke 2011] Medicago truncatula/Planta	GGGGTTGGGTAGCTCAACTGGTTTGAGCTAAGGGATAAGAAGTTGGAGGTCCTGGGTTCAAACCCGGACAAAGAGAAAAAACTAATCTAACAACTAACTA
>SB10 [Deragon 2006] Brassica/Planta	CAAGAGCTCTTGGTCTAGTGGTATTGGAACTCCGGCTGGAGTGCCCGCCCTGGGTTCGAGTCGCCTTGGCCACCTTCCCCGCCTATAACCGTGCGTGCCC
>BbeA2 [Kosushkin 2020] lancelet/Leptocardii	GTGGGGTCGTGTGGCGCAGCGGTAGCGCGTTCGGCTCGGGACCTAGAGGTCCAGGGTTCGATCCCCACCCATGTCACCGATCTTGTGCCCTTGGGAAAGG
>BbeA2 [Kosushkin 2020] lancelet/Leptocardii	CACTTTACACGAATTTCCTCACTTCACTCAGGTGTAAATGAGTACCTAGCTTCGGTTAGGGACGTCCCTCGGATAGGACGTAAACTGGAGGTCCCGTGTT
>BbeA2 [Kosushkin 2020] lancelet/Leptocardii	TGAGGAGAGCCACACCTCGAGCACGTTAAAGATCCCACCACACCTTTCGAAAAAGAGTAGGGGCATGCCCCGGTGTGCGATGGTCCAAAATTCTACAGCC
>Feilai [Tu 1999] mosquito Aedes/Insecta	GGGGGCCCAGATAGCCGTAGCGGTAAACGCGCAGCTATTCAGCAAGACCATGCTGAGGGTCGTGGGTTCGAATCCCGCCGGTCGAGGATCTTTTCGTAAT
>Feilai [Tu 1999] mosquito Aedes/Insecta	GGAAATTTTCTCGACTTCCCAGGGCATAGAGTATCATCGTACCTGCCACACGATATACGCATGCAAAAATGGTCAATTGGCAAAGAAAGCTCTCAGTTAA
>CQ-1 [RepBase; SINE2-1_CQ] Culex pipiens/Insecta	GGAGCGGCCGTGGCTGACTGGTTACGGTGTTCGCTTTGTAAGCGAATGGTTCTGGGTTCGATGCCCATCTGCTCCCAACGAGAAAGTTAAGAACACATAA
>CQ-1 [RepBase; SINE2-1_CQ] Culex pipiens/Insecta	ATTTGAAATGATGAATATGAACGAAAAATCAAAGTCGCTCGAGGCGGGGTTCGATCCCCCGTCCTTTGGATTGGTAAGCAAAAATGCTAACCACTAGGCC
>CQ-1 [RepBase; SINE2-1_CQ] Culex pipiens/Insecta	ATGACGACTTGGTGAGCGTGGACTGGAATTAGGAATACTGTTACAGAGAGCGAGTTGTGGCGCTATAACCACGGCAAATAGTGTCCAGGGCATTCGTGGA
>CQ-1 [RepBase; SINE2-1_CQ] Culex pipiens/Insecta	AATACAATGTCCCATCCCAGAGGGTCCCGGAGTACCAAACCTTCTTAGCATGGTGCTCCCAACGAATACAACCAAAATCTCGGAGCGTATGGTGGTGTGT
>CQ-1 [RepBase; SINE2-1_CQ] Culex pipiens/Insecta	CCCCACGCTTCTTCCTCCCCTGTCGATTCAGAATTGTGTTGTTGTTCGAACACTCAGTGCTCAAACTCAACCCAATTACGAGTCATCTCTGCGATACGGC
>CQ-1 [RepBase; SINE2-1_CQ] Culex pipiens/Insecta	TTTACGCAGTAGGCCTGGCCGCTTTAACGCTTGTGATGTTTCAATGCATTCCGATGCAATGGCGCACTACAAATGTTAATAAATGACAAGAAGAGTGCTA
>Alu [Vassetzky May 2011] Primates	GGCCGGGCGCGGTGGCTCACGCCTGTAATCCCAGCACTTTGGGAGGCCGAGGCGGGCGGATCACGAGGTCAGGAGATCGAGACCATCCTGGCCAACACGG
>Alu [Vassetzky May 2011] Primates	TGAAACCCCGTCTCTACTAAAAATACAAAAATTAGCCGGGCGTGGTGGCGGGCGCCTGTAGTCCCAGCTACTCGGGAGGCTGAGGCAGGAGAATGGCGTG
>UCON3 [RepBase] Euteleostomi/Vertebrata	AGGCCAGAGGGGATGGCTTAGTGGTCTAAGCATCAGGTTTGAAATACCTAGACTCCCTGGAACCACAGGTTCAAATCCCAGCAGGGTTAACTCAGCCCTT
>AfroSINE [Nikaido 2003] afrotherians/Mammalia	TGCTTCCGTAAAGATTTACAGCCTTGGAAACCCTATGGGGCAGTTCTACTCTGTCCTATAGGGTCACTATGAGTCGGAATTGACTCCATGGCAGTGGGCT
>Asu1 [Vassetzky Jan 2015] Armigeres subalbatus/Insecta	GGGTCCCGTAGCGTAGTTGGCTACACGTTCGCCTTACAAGCGAATGGTCATGGGTTCGATTCCCAGCCCCTCCACCAAACCCTCGTCAGTCGCCGGATGC
>Asu1 [Vassetzky Jan 2015] Armigeres subalbatus/Insecta	GCAGCCCATACGGTGGCGTTTTGGGGTACGCGCCTTACCGTCACGGCTGCCTGATGACGACTGACAACTTGTTCTTCTCGGAGGCATTCCTCCAACGTTA
>Asu1 [Vassetzky Jan 2015] Armigeres subalbatus/Insecta	CCCGGATAAATGGCAACCGAACAATGCAACGATCATTGGATACACGACATGGACAAACGGACACAATGGACTCACGATGAGATGGACTGGCAACGACAAC
>Asu1 [Vassetzky Jan 2015] Armigeres subalbatus/Insecta	AATAATGATAATGGAAATCTAAAAATAGATTCTGTGTGGATTCTGTACAGCAGAATACCACAGTAGATCTCGGCACAGTAGCGGTTAAGTAACACAGAGT
>WallSI4 [Vassetzky Oct 2012; RepBase based] Macropus eugenii/Mammalia	GAGAGGCAGTATGGCATAGTGGATAGAGAGCTGGCCTTAAAGCCAGGAAGACCTGGGTTCAAGTCCTGCCTCTGACACATACTGGCTGTGTGACCCTGGG
>WallSI4 [Vassetzky Oct 2012; RepBase based] Macropus eugenii/Mammalia	CAAGTCACTTAACCTCTCAGTGCTCTAGGCAACTCTCTAAGACTATAAGTTGCAGAGAAGGTGCTAACCTGCATTGGTAGAGGGAGTTTCCTCATCTGGG
>MEG-TR [Gogolevsky 2009] megabats/Mammalia	TTAGCACGTCTGCTTTACACGCAGAAGGTCCTGGGTTCGCGCCCCAGTGGAGCCACAGTCCATGGTCTACGGCCATGCCACCCTGAACAAGCCCGATGTC
>MamSINE1 [RepBase] Mammalia	GTCTGTGGCTGGTTAGCTCAGTTGGTTAGAGCACGGTGCTAATGAGGCCAAGGTCACGGGTTCGATCCCCGTGTGGGCCAGTTAGCTTTGCTCTGTTCCA
>Otri [Luchetti 2013] Ochlerotatus triseriatus/Insecta	GGGGGCCGGTGGTGTAGGGGTAAGCGTGGTTGCCTCTCACCCCAGTGGGTCTGGGTTCAATCCCAGTCGGCCCCGAGGATTTTCTGAGACGAAAAATCCT
>Otri [Luchetti 2013] Ochlerotatus triseriatus/Insecta	TGATCACGCCATCCTTCGGAAGGGATGTAAAGCTGTGGGTCCCGGCTCATGTGTTGATGAGTTCGATATGTAGGGTCCAGGTGGAGTCGTCTCCCTGGCG
>SB11 [Deragon 2006] Brassica/Planta	ACCCAAGGTGCGTTGGGCTAGTGGTTTAGTGCTTGGAGTAGGTTCCATTGCACCCCTAGTTCGATTCCCATGGGGAGGGGTGCTTTACGCCATGTTATCG
>B2 [Bains 1989] certain rodents/Mammalia	GGGCTGGAGAGATGGCTCAGTGGTTAAGAGCACCTGACTGCTCTTCCAGAGGTCCTGAGTTCAATTCCCAGCAACCACATGGTGGCTCACAACCATCTGT
>B2 [Bains 1989] certain rodents/Mammalia	AATGAGATCTGATGCCCTCTTCTGGTGTGTCTGAAGACAGCTACAGTGTACTTACATATAATAAATAAATAAATAAATAAATCTTAAAAAAAAAAAAAAG
>TguSINE1 [RepBase] Estrildidae/Aves	AGATTAGCTCAGTTGGTCAGAGCATGGTGCTAATAACACCAAGGTTATGGGTTTGATCCCCATATGGGCCATTCACTTAAGAGTTGGACTCAATGATCCT
>SK [Ohshima 1994] squid/Mollusca	CGGTTTAGCTCAGTCGGTAGAGCATCCGCCTCGGAACCACAAGGTTCCGGGTTCGATACCGGTCCCCGCCAACTCAGCGTATGAGTAGCACGGCTTGGAT
>SK [Ohshima 1994] squid/Mollusca	CTGTGCGGTAAAGTGGGGAGCTGATGGTAGGTGTGGCGCTCCACCTCAGACGCAAAAAACAATCTCCCTGGTCTAGCGCTAGCGAAAAGGGGATAGACTC
>SaliS-III [Wenke 2011] Populus trichocarpa/Planta	GTCCCCAAGGGGCGTAGCGTGATGGCAAAGGGCTTGAGATCTGCACAGCAGGTCTCGAGTTCGAGTCAGGGCGTGCACCTCTTGTAAGAGCCTGGGACAG
>RSINE1 [Vassetzky Oct 2012; RepBase based] Rodentia/Mammalia	GGGGCTGGCGAGATGGCTCAGTGGGTAAAGGTGCTTGCCGCCAAGCCTGATGACCTGAGTTCGATCCCCGGGACCCACATGGTGGAAGGAGAGAACCGAC
>CQ-6 [RepBase; SINE-6_CQ] Culex pipiens/Insecta	GTGGGTCTCGTGGCGCAGGGGTAGCGGCTTCGGCTGCCGATCCCGATGATGCTATGAGACGCGGGTTCGATTCCCGCCTTATCCACTGAGCTTCTATCGG
>CQ-6 [RepBase; SINE-6_CQ] Culex pipiens/Insecta	ATGGTGAAGTAAAACGTCGGTCCCGGTTTCTCCTGTCTCGTCAGAGGCGCTGGAGCAGAAATCCCACGTTAGAGGAAGGCCATGCCCCGGGGGGCGTAGT
>Ther-2 [Vassetzky Jun 2011] Mammalia	CAAGTCACTTAACCTCTCTGGGCCTCAGTTTCCTCATCTGTAAAATGAGGGGGTTGGACTAGATGGCCTCTAAGGTCCCTTCCAGCTCTAAATCTATGAT
>TUB [Vassetzky Oct 2012; RepBase TUB1 based] Tupaia belangeri/Mammalia	GGGGCCAGCAGGTGGCATGGTGGTTAAGGGCGCTGGACTCCCACATGGCCGACCACGGTTCGAGTCCTGGACCTGGCGGCTTGCTTTCTCACTTTCTCTC
>Bov-tA [Gogolevsky 2008] cattle, goats & sheep/Mammalia	AACCCACTCCAGTATTCTTGCCTGGAGAATCCCATGGACAGAGGAGCCTGGTGGGCTACAGTCCATGGGGTCGCAAAGAGTCGGACACGACTGAGCGACT
>Lj-2 [Gadzalski 2011; Lj_SINE-2] Lotus_japonicus/Planta	AACCACAAGGGGTGGCACAAGTGGTGAATGTGCATTTCCTTAAGGGATTTCACCTAGGCTTCTGGCCCGGGTTCGATCCCCTCTGAGGTCAAAAATAAAA
>Lj-2 [Gadzalski 2011; Lj_SINE-2] Lotus_japonicus/Planta	ACCTTTGTGGCCAGGGACATCACTACCGTATCCCGAGCCAGATTAGTCACGTGGGGCCCCTTTCCCCCGTGGAGACTGGTGGCCAAAGGAGAAAAAAAAA
>CQ-5 [RepBase; SINE-5_CQ] Culex pipiens/Insecta	GCCTCGTGGCGCGGTGGTTAGCGGCTTCGGCTGCCGATCCCTAAGTTGCTATGGGGCGCGGGTTCGATTCCCGCCTTATCCTCCTGGCCTTCTATCGGAT
>CQ-5 [RepBase; SINE-5_CQ] Culex pipiens/Insecta	GGGGAAGTAAAACGTCGGTCCATTTGCGTAAAAGAGGTTTTGGGTGACTCACCACACATAACCTTCGGACGCCTAGAAATGAGCAGAAACTTGCAACAGA
>SB7 [Deragon 2006] Arabidopsis & Brassica/Planta	GTGGAAGCACCTTAGCCTATTGGTTAAGGTTTAAAGGCTTCTACACCCAGGTCTGGGGTTCAAATCCCAGACTATGCAATTTCTTGCAGATTATAGGATG
>SB7 [Deragon 2006] Arabidopsis & Brassica/Planta	CGAAGCTTTCGGAGGTTCCAGAGTACTGTAAGCAGAGCCGTTCGTTGTGGTCGCCTGTTGTGGTGAGAGCCTGTCCATCGAGGATGTCGTACATGCAGAA
>SB7 [Deragon 2006] Arabidopsis & Brassica/Planta	CCGTCTGTGGTTTCAAGTGTTTCGGGGAGAGCTTCATCGTGGAATCATTATTCGTGGAGCTATTCATCATTATCGCATATGTTGCAGGTAGTTGATCATC
>PoaS-I [Wenke 2011] Brachypodium distachyon/Planta	AGAACCAAGCATAGCTTGGGTGGTCAGCCAGCCAGGTGTGCTGGCAGCCCACCAGAGTTCGATCCTCGAAGGTCGCACTTTGGTGTCTCACTTTGTAAAA
>Bfl1 [Nishihara 2006] lancelet/Leptocardii	TGTGAGACCGCATGGCGCAGCGGCAGCGTGTTCGGCTCGGGACCGAGAGGTCCCGAGTCCGAATCCTGCCGTGTCACCGATCTTGTGCCCTTGGGAAAGG
>Bfl1 [Nishihara 2006] lancelet/Leptocardii	CACTTTACACGACTTTCCTCACTTTACTCAGGTGAAAATGAGTACCTAGCTTCGGCTAGGGCCGTCCCTCGGATAGGACGTTAAATGGAGGTCCCGTGTC
>Bfl1 [Nishihara 2006] lancelet/Leptocardii	TGGGGAGAGCCATACCCCAGGCACGTTAAAGAACCCACCACACGTGCGATGGTGCGGTGTGAGATGGTGCAAATCCTTCCGTCTAGAATTGGTGATTCTC
>Squam2 [Vassetzky aug 2011] scaled reptiles/Lepidosauria	GGGCTATAGCTCAGTGGTAGAGCACATGCTTTGCATGCAAAAGGTCCCAGGTTCAATCCCTGGCATCTCCAGGTAGGGCTGGGAAAGACTCCTGTCTGAA
>p-SINE1 [Mochizuki 1992] rice/Planta	GAGAAACGCCCTGGGGTCTTCCGGCTAGCTCCACAAGGTGGTGGGCTAGCCGACCTGGGTTCGAAGCCTCACCCCTTCTAATTATTTGATATTAGGTCCT
>GA-1 [RepBase; SINE2-1_GA] Gasterosteus aculeatus/Osteichthyes	GGGCGACTGTGGGTGAGTGGGGAGCACGGTCGTCCTCCAATCAGAGGGTTGTCGGTTCGATCCCAGGCCCGGCTAACCCGCATGTCGATGTGTCCTTGGG
>GA-1 [RepBase; SINE2-1_GA] Gasterosteus aculeatus/Osteichthyes	CAAGACACTTAACCCAACATTGCTCCTGTAGCTGCGACTACAGTGTGTGAATGTTAGTTACTGATGGCAGGTGTCACTGTGTATGGTTCTCCTGTCATCA
>GA-1 [RepBase; SINE2-1_GA] Gasterosteus aculeatus/Osteichthyes	GTGTATGAATGGGTGTGAATGGGTGAATGATGTCATGTAGTGTTAAAGCGCTTTGAGTGGTCAGAAGACTAGAAAAGCGCTATACAAGTACAGGCCATTT
>Oegop [Akasaki 2010] Oegopsida/Mollusca	GGATGTGCGATTGGCGTAGTCGGTAACGACGCGGACAATGGAATCGGCAACCCGAGTTCAAACTCTGGTCGGGCTGGTTATGTTCACTTCGCACTAATGC
>Oegop [Akasaki 2010] Oegopsida/Mollusca	CCTTGGGAAAGGCATGAATCCATCTCTTCTCCCCCCCAGCTATGGGTAAAATAGCAGGGCAGATTGGGCTCTCTAGCCTTGGGAAGGCAACCAGTCTAGG
>Oegop [Akasaki 2010] Oegopsida/Mollusca	AGAAGGAAAACTCTGATTCCAAACCAGGGAGTGGAGCCCCTTGAGGCGGTTTGACGCCCAATTTGACGTCCTTCCGGCAGCTCCAGGGATAGGAGTCGCG
>Mad-1 [RepBase; SINE-1_Mad] Malus x domestica/Planta	GCCACTTAGTACTACGGTCTAGTGGTATTCCTCTTCACTTGTAAGTGAGAGGTCTTAGGTTCGATTCTCGCCAAAGGCGAATTTGAACCACATTATTGCT
>HaSE2 [Vassetzky Feb 2013] certain lepidopterans/Insecta	GTCGTGGTGGCCTGGAGGTTAAAGGCCCGCCTCTCATACGTGAGGGCGCGGGTTCGAAACCTGGCAAGTACCAATGTGATCTTTTCCGAGTCATATGTAC
>HaSE2 [Vassetzky Feb 2013] certain lepidopterans/Insecta	TTTCTAAGAGTATTTAGACACCACTGACGGACGGTGAAGGAAAACATCGTGAGGAAACCTGGTCTTATAATTTCAAATTATAAGATTGAAATCGCCAACC
>Mad-2 [RepBase; SINE-2_Mad] Malus x domestica/Planta	AACCACCACGGGGTGGCCCAGTGGTTGGGGACGAATTCCAGGCCCGTATTCCACACGGCACGTCCTGAGTTCGATTCCTGGCGCTGGTGAATCGCACGAT
>Mad-2 [RepBase; SINE-2_Mad] Malus x domestica/Planta	GGTGGCCAGGGGGAGGCTGAAATGCCTCTGTGAGTCTTTCCGGCCCCCGGAAGGGTGGACTGCCGTGGCGAAGCCACCAGCTGGTCCCCTTTTAAAAAAA
>OsSN1 [Tsuchimoto 2008] rice/Planta	GCGAAAGGGCCTGTAGCCTAGTGGTTACAAGAGCCTCAGTAGCACCTGAGGTCCTGGGTTCGACTCCCCATGGGAGCGAATTTTCCAGGATTTAACGGCG
>OsSN1 [Tsuchimoto 2008] rice/Planta	TTGTGCTTTCAGTGGTAGGCGACGTACCCGTCGACAGCGAGGCGCCTGTGGTGACTTCGTCAATCTCTCCAGGATTTGCCGGCCCAGTCTTCGAAGATGC
>AfroLA [Vassetzky Oct 2012; RepBase Afro_LA based] Loxodonta africana/Mammalia	GGAAACCCTGGTGGCGTAGTGGTTAAGAGCTACGGCTGCTAACCAAAAGGTCAGCAGTTCGAATCCACCAGGCGCTCCTTGGAAACCCTATGGGGCAGTT
>SolS-II [Vassetzky Dec 2012] Solanacea/Planta	GCACCCAAGGGTGTGGCCTAGTGGTCAATGAAGTGGGTTGAGAACCATGAGGTCTCAGGTTCAAATCCCAGCAGAGACAAAAAACACTAGGTGATTTCTT
>SolS-II [Vassetzky Dec 2012] Solanacea/Planta	CCCATCTGTCCAAGCCTTGGTGGACAGAGTTACCTGGTACCTGTTGCTGGTGGGAGGTAGCAGGTATCCCGTGGAATTAGTCGAGGTGCGCGCAAGCTGG
>Bovc-tA2 [Vassetzky Oct 2012; RepBase based] Ruminantia/Mammalia	GGGCTTCCCTGGTAGCTCAGCTGGTAAAGAATCTGCCTGCAATGCAGGAGACCCTGGTTCGATTCCTGGGTCGGGAAGATCCCCTGGAGAAGGGATAGGC
>Bovc-tA2 [Vassetzky Oct 2012; RepBase based] Ruminantia/Mammalia	TACCCACTCCAGTATTCTTGGGCTTCCCTGGTGGCTCAGCTGGTAAAGAATCTGCCTGCAATGCGGGAGACCTGGGTTCGATCCCTGGGTTGGGAAGATC
>Bovc-tA2 [Vassetzky Oct 2012; RepBase based] Ruminantia/Mammalia	CCCTGGAGAAGGGAATGGCTACCCACTCCAGTATTCTGGCCTGGAGAATTCCATGGACAGAAGAGTCCATGGGGTCGCAAAGAGTCGGACACGACTGAGC
>Talua [Luchetti 2009] termites/Insecta	GCCGATCCCAGTGGCCGCGCGGTCTAAGGCGTGGGTCTGCGGCCGCTCGCTTACTGGGATTGTGGGTTCGAATCCCGCCGGGGGCATGGATGTCTGTCTC
>Talua [Luchetti 2009] termites/Insecta	TTGTGAGTGTTGTGTGTTGTCAGGTAGAGGTCTCTGCGACGGGCTGATCACTCGTCCAGAGGAGTCCTACCGAGTGTGGTGTGTCTGAGTGTGATCGTGA
>SB9 [Deragon 2006] Brassica/Planta	CAAGTTGCTTTGGTCTAGTGGTATAGGAGCTCCAGCTGGAGTGCCCGCCCCTGGGTTCGAGCCTTGGCCACTGCGGAATTTACATGTGGGCTGCAGCACC
>SB9 [Deragon 2006] Brassica/Planta	CGAGACCGAAGACCGTTACACGGTGAGCCACATGGTGACGCCCTGGCAGCGTCCATGCTCACTTCGGTCTCTAGTCTGGACCACCTCGGTGGGGCCAGGA
>NV-3 [RepBase; SINE2-3_NV] Nematostella vectensis/Cnidaria	GGAAGCACGGGTGGCCAAGTGTGTTAGCGCGTCGGCCTCTCACCGCTGTGGCCAAGGTTCGAATCCTGGCTCAAACTGGGGATTTTTCCGGGTTCCTGCC
>NV-3 [RepBase; SINE2-3_NV] Nematostella vectensis/Cnidaria	TTGGTTCGAATTTGTGTCACAAGTGAGTTGAAGTTATTCTCCCGTGTTTCCAGTCTTCTCGGATAAGGACACTAAACCGGAGGTCCCGTCTCTTCAAGCT
>NV-3 [RepBase; SINE2-3_NV] Nematostella vectensis/Cnidaria	GCACTACATTAACCTGAACCGAAGGGACGTAAAAGAACCACTGGGGACGCAATAAACCCTCTGGCAGTGACCACCCCCAGTGACAGTGCTTACAATGCTT
>MEG-T2 [Gogolevsky 2009] megabats/Mammalia	GGGGTGGCTCCATAGTGTAGTGGTTAGCACGTCTGCTTTACACGCAGAAGGTCCTGGGTTCGCGCCCCAGGTGGAGCCACGGACCATACCCCGGGTGCGC
>Bm1 [Adams 1986] silkworm/Insecta	GAAGTCGTCGTGGCCTAAAGGATAAGACGTCCGGTGCATTCGTGTTGAAGCGATGCACCGATGTTCGAATCCCGCAGGCGGGTACCAATTTTTCTAATGA
>Bm1 [Adams 1986] silkworm/Insecta	AATATGTACTCAACAAATGTTCACGATTGACTTCCACGGTGAAGGAATAACATCGTGTAATAAAAATCAAACCCGCAAAATTATAATTTGCGTAATTACT
>Bm1 [Adams 1986] silkworm/Insecta	GGTGGTAGGACCTCTTGTGAGTCCGCGCGGGTAGGTACCACCGCCCTGCCTATTTCTGCCGTGAAGCAGTAATGCGTTTCGGTTTGAAGGGTGGGGCAGC
>SP-7 [RepBase; SINE2-7_SP] Strongylocentrotus purpuratus/Echinoidea	GAGGAGGCGCGATAGCTCAGTCGGTAGAGCAGTGGTCTCGTAATCCGGTGACCCGGGTTCGAAACCAAGGCGATGCGCTAGTGCCCTTTGGTAAGGCATT
>SP-7 [RepBase; SINE2-7_SP] Strongylocentrotus purpuratus/Echinoidea	AATCCTCATTACCAGGTCCCTCGGAGAGGACCTAAAGCCGTCGGCCGTCTGGTTGCTTACTTACAAGCATTTATGCTTTCTTAGCAGTCAGGTAAAATAA
>Bfl2 [Nishihara 2016] lancelet/Leptocardii	ACCGGTGCAATGGCCTAGTGGTTAGAGTGTTCGCCTTGCATTCGGTAGGTCGTGAGTTCGATCCCCGGCCGAGTCATACCAAAGACTTTAAAAAATGGTA
>Bfl2 [Nishihara 2016] lancelet/Leptocardii	CATGCTGCTTTCTCTGCTTAGCACTCAGCACTAATGAGGAAGAGTATGGAAGTTAAACACACATCACTACCAGCGGACCAGCCCCCTGCTGTAGTGGCTT
>LmeSINE1 [Nishihara 2006] coelacanth/Sarcopterygii	CAGAGGGTGTTGGTGGCTCAGTAGGTAGCACTCTTGCCTCTGAGTCAGAGGGTCATGGGTTCAAATCTACCCAGAGACCCTGGACGTGTTCCATCTGCCA
>LmeSINE1 [Nishihara 2006] coelacanth/Sarcopterygii	ACACCCTGGCATGGCATCTGGGGGCAGGCTGTGCTGTTGAAGGGGCCGTCTTTCAGATGAGACGATAAACCGAGGTCCTGTCTACTCTCTGTGGACATTA
>LmeSINE1 [Nishihara 2006] coelacanth/Sarcopterygii	AAGATCCCATGGCACCTTTCGCAAAGAGTAGGGGTGTTAACCCCGGTGTCCTGGCTATAAATCCCCCAGAGCGCTTTGAGATCCTTCGGGATGAAAGGCG
>OsSN3 [Tsuchimoto 2008] rice/Planta	GCGAAAGGGCATGTAGCCTAGTGGTTGCAGTGACCTGAGTAGCACCCCAAGGTCCTGAGTTCAAATCTCCATAGGAGCGAATTTCAGATTGGGTTGTTTG
>pB1 [Quentin 1994; FLAM] rodents and primates/Mammalia	GCCGGGCGCGGTGGCGCGCGCCTGTAGTCCCAGCTACTCGGGAGGCTGAGGCAGGAGGATCGCTTGAGCCCAGGAGTTCGAGGCCAGCCTGGGCAACATA
>Lm1 [Bradfield 1985] Locusta, Schistocerca & Chorthippus/Insecta	GCCGGCCGCGGTGGCCGAGGGGACTGAGGCGCTCCAGTCACGGTCTGCACGGCCACTAGGGTCGGGGGTTCGAATCCCCCCTCGGGCATGGATATTTGTG
>SB1 [Deragon 1994] Brassica oleracea/Planta	ACCCAGGACCTCGTAGTCCAGTGGTACTACCTCCTCTTTGGGGAGGGGAGGTCGGCTGTTCGACTCGCGGGGAGGGGGAGGCGTGCCCAGGGCCCTAACC
>SB8 [Deragon 2006] Brassica/Planta	GCCGGGACAGAATAGCCTAGTGGTAACACTAGAGTGAACTGGATCCCAAGGCACCTGGGTTCGAGTCCTCTGGGATTCCGGAGACCGCCCGTGACAAAAA
>Mon-1 [Gilbert 2000; Mon-1a] Monotremes/Mammalia	AGAGAAGCAGCGTGGCCTAGTGGATAGAGCACGGGCCTGGGAGTCAGAAGGACCTGGGTTCTAATCCCGGCTCCGCCACTTGTCTGCTGTGTGACCTTGG
>FabaS-III [Wenke 2011] Medicago truncatula/Planta	AACCAAGTTGTTTGGGCTCCAGTGGCAAGGAGCTCCTTCCAAGGACGTATCCGGGGAATACCGGGTTCGATTCCCAGGGGGAACAACGCTTGGCCAGTGC
>BbeA1 [Kosushkin 2020] lancelet/Leptocardii	GTGGGGTCGTGTGGCGCAGTCGGTAGCGCGTTCGGCTCACACCCAAGAGGTCGCGGGTTCGAATCCTGCCCATGTCACCGATCTTGTGCCCTTGGGAAAG
>BbeA1 [Kosushkin 2020] lancelet/Leptocardii	TTGGGGAGAGCCACACCCCACGCACGTTAAAGAACCCACCGCACTTATCGAAAAGAGTAGGGGACCTTCCCGGTGTGAGTGGTTCAAACCTTACAGTCCG
>DANA [Vassetzky May 2011] zebrafish/Osteichthyes	GGCGACGCAGTGGCGCAGTAGGTAGCGCTGTCGCCTCACAGCAAGAAGGTCGCTGGTTCGAGCCTCGGCTGGGTCAGTTGGCGTTTCTGTGTGGAGTTTG
>DANA [Vassetzky May 2011] zebrafish/Osteichthyes	CGTAGTGTATGAGTGTGTGTGAATGAGTGTGTATGGGTGTTTCCCAGTGATGGGTTGCGGCTGGAAGGGCATCCGCTGCGTAAAACATATGCTGGATAAG
>CAN [Vassetzky Jun 2011] Canidae/Mammalia	GGGGCGCCTGGGTGGCTCAGTCGGTTAAGCGTCTGCCTTCGGCTCAGGTCATGATCTCAGGGTCCTGGGATCGAGCCCCGCATCGGGCTCCCTGCTCAGC
>Cics-1 [Simmen 2000] sea squirt/Tunicata	GTCCGGCGCCGTGGCAAAGTGGTTAGCGCGCCTGCCTCTAACCCAGAGGTAATGGGTTCAAGGCTCGTCGCTGCTACCATTGTGGGCGTATGTGTCCTTG
>Cics-1 [Simmen 2000] sea squirt/Tunicata	GGCAAGACACTTAACGGCAATTGCTCCAACCCAGTGGTCACTAATGGGTTGTCCAAATTATCAGCCATACATAAAAAAAAAAAAAAATAATCACCCACAA
>EC-1 [RepBase; SINE2-1_EC] Equus caballus/Mammalia	AGCCAGCCCTGGTGGTCTAGTGGTTAAGATTCGGCGCTCTCACTGCCGCGGCCTGGGTTTGTTTCCCGGTCAGGGAACCACACCACCCGTCTGTCGGTTG
>EC-1 [RepBase; SINE2-1_EC] Equus caballus/Mammalia	TCATACTGTGGCAGCTGCGTGTTGCTGTGATGCTGAAAGCTATGCCACCAGTATTTCAAATACCAGCAGGGTCACCCATGGTGGACAGGTTTCAGCGGAG
>EC-1 [RepBase; SINE2-1_EC] Equus caballus/Mammalia	CTTCCAGACTAAGACAGACTAGGAAGAAGGACCTGGCCACCCACTTCCAAAAAAATTGGCCATGAAAACCCTATGAATAGCAGTGGAGCATTGTCTGATA
>EC-1 [RepBase; SINE2-1_EC] Equus caballus/Mammalia	CAGCGCCAGAAGGTGAGAGGATGGCGCAAAAAGACCGGGCAGGGTTCCGCTCTGCTGTACACAGGGTCGCTAGGAGTCAGAATCGACTCGATGGCACTAA
>NymS-I [Wenke 2011] Nuvar advena/Planta	ACCAACGGGGCTCCGCTTGTCTGGTAGGAGCAGCTAGTGCACGTCACCTTGTGTTGGGACGTTGCAGGTTCAAAACCCAATGGTATGGTTGTATAACTGG
>SM-alpha [Vassetzky Aug 2011] Schistosoma/Platyhelminthes	CCCAGAGTGAACATCAACTCTGAGATGCAGGTACATCCAGCTGACGAGTCCCAAATAGGACGAAACGCGCGTCCTGGATTCCACTGCTAGCCACTATCCA
>SM-alpha [Vassetzky Aug 2011] Schistosoma/Platyhelminthes	TCTTTGCTTATAATGCTTGTGAATTAAGGCTATATCGAGGCAATACGCACAGTATGCACATATGCCAATAAGAGACTGACCAGTTGCAGTCCTAAACATC
>OR1 [Ohshima 1994] Octopus/Molusca	GTGGAGGCGCAATGGCCCAGTGGTTAGGGCAGCGGACTCGCGGTCATAGGATCGCGGTTTCGATTCCCAGACCGGGCGTTGTGAGTGTTTATTGAGCGAA
>OR1 [Ohshima 1994] Octopus/Molusca	AACACCTTAAAGCTCCACGAGGCTCCGGCAGGGGATGGTGGTGATCCCTGCTGTACTCTTTCACCACAACTTTCTCTCACTCTTACTTCCTGTTTCTGTT
>OR1 [Ohshima 1994] Octopus/Molusca	GTACCTGTATTTCAAAGGGCCGGCCTTGTCACTCTCTGTGTCACGCTGAATATCCCCGAGAACTACGTTAAGGGTACACGTGTCTGTGGAGTGCTCAGCC
>OS [Nishihara 2006] Salmonidae/Osteichthyes	CAGCAGCATACCACCCTGCATCCCACTGCTGGCTTGCTTCTGAAGCTAAGCAGGGTTGGTCCTGGTCAGTCCCTGGATGGGAGACCAGATGCTGCTGGAA
>OS [Nishihara 2006] Salmonidae/Osteichthyes	GTGGTGTTGGAGGGCCAGTAGGAGGCACTCTTTCCTCTGGTCTAAAAAAAATATCCCAATGCCCCAGGGCAGTGATTGGGGACATTGCCCTGTGTAGGGT
>Bfl7 [Kosushkin 2020] lancelet/Leptocardii	GTGGGGTCGTGTGGCGCAGTCGGTAGCGCGTTCGGCTCACACCCCAGAGGTTGTGGGTTCGAACCCCACCTTGTCACCGATCTTGTGCCCTTGGGAAAGG
>Bfl7 [Kosushkin 2020] lancelet/Leptocardii	CACTTTACACGACTTTCCTCACTTCACTCAGGTGTAAATGAGTACCTAGCTTCGGCTAGGGACGTCCCTCGGATAGGACGTAAACTGGAGGTCCCGTGTT
>Bfl7 [Kosushkin 2020] lancelet/Leptocardii	TGAGGAGAGCCACACCTCGAGCACGTTAAAGATCCCACCACACCTTTCGAAAAAGAGTAGGGGCATGCCCCGGTGTGCGATGGTACAAACACTACTGTAT
>Bfl7 [Kosushkin 2020] lancelet/Leptocardii	GGAGTTGGTGATTCACTTCAAATCACCCGGACGGAGGCCTGGCGACCTCCGTCTTGTATAAGCCACATGGTGATTTACATCATTCACCCGGACGGAGGCC
>Bfl7 [Kosushkin 2020] lancelet/Leptocardii	TGGCGAACCCCGTCTGTATCAGCCAAATCTTGGAGAGGAGATAGGCGCCGCCAAGATTATAAGCCTGAGGAGACATCGTGACAAGTCCAGACATGCTGCT
>SP-5 [Vassetzky Oct 2012] Strongylocentrotus purpuratus/Echinoidea	TGGAGGTGTCGTGGTATAGTGGTTCATTCACTTGACTCTCAATCCAAGGGTTGAGGGTTCGAATCCCAGCCCGGCACTAACGTCCTTTGGCAAGACATTA
>SP-5 [Vassetzky Oct 2012] Strongylocentrotus purpuratus/Echinoidea	ATCCACATTTGCCACTCTCCACCCAGGTGTAAATGGGTACCTGGCAATTGCTGGGGTTAATAATAATTGCAGGGCCCTCAGGAAGAACAGCATTGATGCT
>SolS-IIIb [Vassetzky Jan 2013] Solanacea/Planta	TGTCCTTCGGGATGACTCAGTTGGTTTGGAGGGTGGTTATCCACACGGATGACCCGGGATCGATCCCCCCTCAATGCCTTCTGAGTCGAGCCTGTCGCAT
>SolS-IIIb [Vassetzky Jan 2013] Solanacea/Planta	AGGGCTTGCCTAGTGCGGTTTACATCCCCTGTGTGGTTTGCAGGCTATTACACAGTGGGGGGTTTACCCAGTGCGCACAAAGTGCTCACCCGAAGGGCAG
>DAS-III [compiled from DAS-III-1, -2 & 3; May 2011] Nine-banded armadillo/Mammalia	GGGAAGCGGATTTGGCCCAGTGGTTAGGGCATCCGTCTACCACATGGGAGGTCCGCGGTTCAAACCCCGGGCCTCCTTGACCCGTGTGGAGCTGGCCCAT
>Sepioth1 [Akasaki 2010] Sepioteuthinae & Loliginidae/Mollusca	GGAGGTGCCCGTGGTGTAATGGTTATCGTCGTAGGAAATGGACACGGCGACACGAGTTCAAATCCTGGACGAGACTGATTGCATTTCACATCGCACTAAT
>SP-6 [Vassetzky Oct 2012; RepBase SINE2-6_SP based] Strongylocentrotus purpuratus/Echinoidea	TAATCTACATTTGCCACTCTCCACCCAGGTGTTAAATGGGTACCCGGTAGGATGCGAAAGTTAATGTGGTTTGATTAGCAAGTGTGCGCTTGTAAAAATG
>Taluc [Luchetti 2011] termites/Insecta	GTCGCCCTCGGTGGACTAGTGGTTAGCGTGCTCGCCACTGGACCCAAGGTTCGCGGGTTCGATCCCGACCGAGGTCGATGGATTTTTAAGGGTGATAAAA
>Taluc [Luchetti 2011] termites/Insecta	ATCCGTAGCACCACTTCCTTCGGAGGGGAAGTAAAGCCGTCGGTCCCATGTCGTAGATTTACGGCATGTAAAAGAACCTTACGGGCATGAATAGAAATGT
>Taluc [Luchetti 2011] termites/Insecta	TTCGTAAGCAAAATTCAGCGGCCATTTCTCACCCAAGTCTCCTGACTGCCTGCCAGATGGCTCTGGCAGTCACATCAGGATTGAGTAGAACTTGTGCGGT
>LF [Bejerano 2006] lamprey/Petromyzontidae	GGGGACTGGATGGCTCAGTGGAATTGGTAATGGGATATGGAGCCTTTCACCTCTAGGTCACTGGGTTCAAATCCAGCCCAGGTCAGTAGTGACCGAAAGT
>LF [Bejerano 2006] lamprey/Petromyzontidae	CATTACCATCTGATGGCTGTTCAGTGGCCTATGTGAAATGAGTTGGTGGTCTCAGTCCAGTTCCTAGTGGACAGGTGTCCACATCACAAAACCACCATCA
>LF [Bejerano 2006] lamprey/Petromyzontidae	CAATTGGCACTAATTGGCACCCTTGTTGGCAGTCTCAGCAGAGAGGCCAAGGATTGAATGGGCATGGAGACTGAACTACCCTCTCAACCCTGTAGAGGTG
>LF [Bejerano 2006] lamprey/Petromyzontidae	GTCCCTCCAGGGCAGGGTTGAGGCACATTGGCAGGGCAATGTGGGGAAGCCTGCACTGCTGCTGCCCATGCTGTACCTGTTCTGTGGATAAATAGAGGAC
>SBi-1 [RepBase; SINE2-1_SBi] Sorghum bicolor/Planta	GCCAAAGGATGCTAGATCAGTTGGTCTAGGCACTCCGGCGGCACCTCCCAGGTCCTGAGTTCGAATCCCAGTGGGAGCGAATTTCAGGCTGGGTTAAAAA
>SBi-1 [RepBase; SINE2-1_SBi] Sorghum bicolor/Planta	AATCCCCTCGCCCGTCCTCATACCAAAGCACTGGGGGAGCCCCGGCCCAATTCTCACTTGGGCGACGGAAAGGCCACCGTGTATGGATGGGGGTGGGGGT
>Fc-1 [RepBase; tSINE_Fc] Felis catus/Mammalia	GGGGCGCCTGGCTGGCTCAGTCGGTAGAGCATGCGACTCTTGATCTCGGGGTTGTGAGTTCGAGCCCCACGTTGGGTGTAGAGATTACTTAAAAATAAAA
>SlmII [Matveev 2007] Salmonidae/Osteichthyes	GGGGCCTCCCGGGTGGCGCAGTCGTCTAAGGGCACTGCATCTGCAGCGCCACCTGTGCCACCAGAGACTCTGGGTTCGCGCCCAGGCTCTGTCGCAGCCG
>SlmII [Matveev 2007] Salmonidae/Osteichthyes	GCCGCGACCGGGAGGTCCGTGGGGCGACGCACAATTGGCCTAGCGTCGTCCGGGTTAGGGAGGGTTTGGCCGGTAGGGATATCCTTGTCTCATCGCGCAC
>SlmII [Matveev 2007] Salmonidae/Osteichthyes	CAGCGACTCCTGTGGCGGGCCGGGCGCAGTGCACGCTAACCAAGGTTGCCAGGTGCACGGTGTTTCCTCCGACACATTGGTGCGGCTGGCTTCCGGGTTG
>LgiNinDC [Piskurek 2011] Lottia/Mollusca	GGGAGCCGCGGTGGCTCAGTGAGTTAGACGCTTGCTCGCTAACCTGAAGGTCCAGGGTTCAATCCCGGCATAGGTCGAGATAATACCTTCGGATTTTTCA
>LgiNinDC [Piskurek 2011] Lottia/Mollusca	ACCCGGTTTCCCCCTGTCAGTGATGCAGGTACGAGGGGCTGACATGGAAAAAGCGTCTAGTCGTTCGGATGGGACAATAAACCGAGGCCCCGTGTGCTAC
>LgiNinDC [Piskurek 2011] Lottia/Mollusca	AGGCTGTGCACGTTAAAGATCCCTCGACAGTTGGAAATCGAAAAAGAGCAGGCTAATGCCGCTGTCCTGGCAAAATTTCCCTCATTGCACCCTGCATGGC
>FabaS-IV [Wenke 2011] Medicago truncatula/Planta	AACCCATTTGGGGTTGGCCTAGTGGTTGGCTTGGGATCTTGGAGTTTGCTCCTCCAGAGGTCTCAGGTTCGATTCCCTCTGGTGCCAATTTCGGTGGGCT
>FabaS-IV [Wenke 2011] Medicago truncatula/Planta	AAGTCCATACAGAGCTTGCTCTGGCTTTAAACGGGGCCCCCGCAAGTGGGCGGTGGGATTGGTCCCCTCGGATTAGTCGATTCTTGGATCGGATACCGAG
>Twin [Feschotte 2001] mosquito Culex/Insecta	GCCGAGCTTCCGTGGCCGTGAGGTTACGGGTTTCGCCTTGTAAGCGGAAGGTGATGGGTTCGATTCCTGTCTGGCTCGGCAAAGTCAGATCCCTTCAAAG
>Twin [Feschotte 2001] mosquito Culex/Insecta	AGTAAATATGCTCACTGGGAATACTGACCGGTAGGGGATGGGTTTCGACTAGCGGCGTGCTGGATTTCCAATCCACAGGTCGTGAGTTCGATTCTTGTAC
>UnaSINE1 [generated from sequences by Kajikawa 2002] eel/Osteichthyes	CGGAGTGTAGCACAGTGGGTAAGGAACTGGGCTTGTAACCGAAAGGTCGCAGGTTCGATTCCCGGGTAGGACACTGCCGTTGTACCCTTGAGCAAGGTAC
>Ther-1 [Vassetzky Jun 2011] Vertebrata	CACTTAACCTCTCTGTGCCTCAGTTTCCTCATCTGTAAAATGGGGATAATAATAGCACCTACCTCACAGGGTTGTTGTGAGGATTAAATGAGATAATATA
>SlmI [Matveev 2007] Salmonidae/Osteichthyes	GGGGCTCCCGAGTGGCGCAGCGGTCTAAGGCACTGCATCTCAGTGCTAGAGGCGTCACTACAGACCCTGGTTCGATTCCAGGCTGTATCACAACCGGCCG
>SlmI [Matveev 2007] Salmonidae/Osteichthyes	TGATTGGGAGTCCCATAGGGCGGCGCACAATTGGCCCAGCGTCGTCCGGGTTAGGGTTTGGCCGGGGTAGGCCGTCATTGTAAATAAGAATTTGTTCTTA
>MEG-RS [Gogolevsky 2009] megabats/Mammalia	GTCTACGGCCATGCCACCCTGAACGTGCCCGATCCCGTCTGATCTCGGAAGCTAAGCAGGGTCGGGCCTGGTTAGTACTTGGATGGGAGACCACCTAGGA
>EbuSINE1 [Nishihara 2006] hagfish/Myxini	GGGCTGACAGGATGGCCTAGAGGTACGCACACTCACCTCTAAGCTGTCTAGCCTGGGTTTGAATCCCGACCCAGCTATAAACTGTCATCCCGGTGTTTCA
>EbuSINE1 [Nishihara 2006] hagfish/Myxini	CAGGCAGGGTGATTCATCAATGTGTGTGCCGTCCCTCGGATGGACGTTAAACTGGGCGTCCCGTCTGCCGGCATTAGTTGGTGGACGTTAAAGATCCCAC
>EbuSINE1 [Nishihara 2006] hagfish/Myxini	GGTGTCCTTCGCGAAGAGTAGGCGAGCTATCGCCGGCACCCTGAACAAATTCCAAATTCCTGCCCTAACCTACAGAGGGCATTGCATCAGCGGCACAGCC
>Cre-4 [RepBase; SINEX-4_CR] Chlamydomonas reinhardtii/Algae	ATCGACCACGGCAGAGGTTGCTTAGCGATAAGTTGGTGTGTAACGTCGGTTCAGACCCGAGTTCGATCCTCCCCAAATTCGGTACAGGGGAAACCTCCGT
>Cre-4 [RepBase; SINEX-4_CR] Chlamydomonas reinhardtii/Algae	GCGTATTCAAATCACGCACAGGCGCTCCGCAGGGACCGCACGGCTCTTCAGTCGTGTCCTTGTCATCCGTGGCTAACGTCAGATAAGAGAGCGGTCGTGA
>Cre-4 [RepBase; SINEX-4_CR] Chlamydomonas reinhardtii/Algae	AGTGCCGGCAAAGGGGCCGGACTCTGGAGCGATCCAGAGTTTCAGTTGAGATGTTGCCCGACAGTCGGCATTACCTGATCCCCCGATCTCAGGTACCGAA
>Cre-4 [RepBase; SINEX-4_CR] Chlamydomonas reinhardtii/Algae	AGCCGTGAGGGTAGATCATCCGAGCTGAACATGGATAGGACACCAGGGGCTTAATCCACCCCGCTCCCACCGGTGGGCAGGACCGGCAAATGATAAGGTG
>Cre-4 [RepBase; SINEX-4_CR] Chlamydomonas reinhardtii/Algae	GTCGTGGTGACTTCCCGCCTTCTCTCGAACTGGGTTGAGAGATGATCAGCGAAGGCGTTGCCCCGTTAATACATGCTAGGCCCTATGGGCCAGCGTTGGG
>Xt-2 [RepBase; SINE2-1_XT] Xenopus tropicalis/Amphibia	CAGCATGGTGGCTCAGTGAGTAGCACTTCTGCCTTGCAGCGCTGGGGTCCTGAGTTCAATCCCAGCCAGGGCACTATCTGCAAGGAGTTTGTATGTTCTC
>Xt-2 [RepBase; SINE2-1_XT] Xenopus tropicalis/Amphibia	CCCGTGTCTGTGTGGGTTTCCTCTGGGTACTCCGGTTTCCTCCCACACTCCAAAAACATACAGGCAGGTTAATTGGCTTCTGACTAAATTGACCATAGTG
>Xt-2 [RepBase; SINE2-1_XT] Xenopus tropicalis/Amphibia	TGTGTGAATGTGATAGGGACCTTAGATTGTAAGCTCCTCTGGGGCAGGGACTGATGTGAATGATGAATAATCTCTGTAAAGCGCTGCGGAAATGTGTTGG
>SacSINE1 [Nishihara 2006] dogfish shark/Chondrichthyes	CATTATCTCATTGCTGTTTGTGGGAGCTTGCTGTGCGCAAATTGGCTGCCGCGTTTCCTACATTACAACAGTGACTACACTTCAAAAGTACTTCATTGGC
>CucuS-I [Wenke 2011] Cucurbitaceae/Planta	AACCATCATGGGTTGGCCTAGTGGTAAAAAGGGAGACATAGTCTCAATAACTAACTAAGAGGTCATGGGTTCAATCCATGGTGGCCACCTACCTAGGAAT
>CucuS-I [Wenke 2011] Cucurbitaceae/Planta	TAATTTCCTACGAGTTTCCTTGACACCCAAATGTTGTAGGGTCAGGCGGGTTGTCCCGTGAGATTAGTCGAGGTGCGCGTAAGCTGGCCCGGACACTCAC
>CELE45 [Vassetzky Aug 2011; Repbase based] Caenorhabditis elegans/Nematoda	GGGGGCAGATAGCTCAGTCGGTAGTGGTGGCCGCTAGCAGTCTGGAGGTCACGAGTTCAAGTCCGGCCTCACCCCCTAGGTTCACCCAGCCTCTATTGGG
>CELE45 [Vassetzky Aug 2011; Repbase based] Caenorhabditis elegans/Nematoda	AAGTGGAGCAATCCACGACTGGATTATCGGCCACAGTCCCCGGCTAGGACGTGGCTTAAATTACAGCCCAGAGGGATCACCACCAGGCAGTGTACCTGAA
>AcaNinDC [Piskurek 2011] Aplysia/Mollusca	AGGGGGCTCTCGTGGCCTAGAGGTTAAGGTGTTGGCCTCTCATTCAAAGGTCCCGGGTTCGAATCCGGGTAGCGACCAAAAAATTTTCTTCTCTAAAATT
>AcaNinDC [Piskurek 2011] Aplysia/Mollusca	GTCTCCTTTCACCTCCTTTCCTGCTCTCTAGCAATGTTCTGTTGTCTGCTTTCATTTCCACTTTCTGCCCCCACCCCCTCACCTCCTTTGCCCCCTCCTC
>AcaNinDC [Piskurek 2011] Aplysia/Mollusca	TGGGCTCCTGACTCTTTCTGCAGCCTTTCTACTGCTACTCCTTGGCTCCTCCTTACTGCTGTCTTTCTGCCACACCCCTGATCTTCTGGTAGGAAAGATC
>AcaNinDC [Piskurek 2011] Aplysia/Mollusca	TACACCTAGCCTTCTCGGACAAGGGCGAAAAATCTCGGAGGGCCCGTGTGCAAGTTGCGCACGTTAAAGATCCCTTGGTGGTCTAAAATCGATAAGAGTA
>AcaNinDC [Piskurek 2011] Aplysia/Mollusca	GGCTTCGGCCGCCACCCGGGCAAAATTCAAAATTTCCTACCAACTGAAAATATTAGGTGTGTCCCGCGCGCTCATATGACCTTATGCAGTTGCGAGCGCC
>AFC-2 [Vassetzky Oct 2012; RepBase SINE2-1_AFC based] Cichlidae/Osteichthyes	GGGGTGGCTGTAGCTCAGGAGGTAGAGCAGGTCATCTACTAATCGGAAGGTTGGTGGTTCGATCCCTGGCTGCTCCAGTCTGCATGCCAAATATCCTTGG
>AFC-2 [Vassetzky Oct 2012; RepBase SINE2-1_AFC based] Cichlidae/Osteichthyes	GCAAGATACTAACCCCAAGTTGCTCTCCGATGCATCCATCGGAGTGTGAATGTGTGTGAATGTTAGATAGAAAGCACTTAGAAAAAAGTGCTTGTGTGAA
>SB4 [Deragon 2006] Arabidopsis/Planta	ACCAACGTGCTGTTGGCCCAGTGGTAAATCTCCCAGGTGGAGGTGCTGGGTTCGAGGCACGTTGGGAGGGATCTCTTCTCCAAAAGAGATGAATTTAACC
>EbuSINE2 [Nishihara 2006] hagfish/Myxini	CACAGGCAGGGTGATTCATCAATGTGTGTGCCGTCCCTCAGATGGACGTTAAACTGGCGTCCCGTCTGCCGGCATTAGTTGGTGGACGTTAAAGATCCCA
>ACar-1 [Vassetzky Oct 2012; RepBase SINE2-1_ACar based] African cichlids/Osteichthyes	GGAGCCCCCGGTGGCGTAGTGGATTAAAGCCTTGTGACTTGAAGGTTGGGTTGCTGACCTGAAGGCTGCCAGGTTCGAATCCCACCCGGGGAGAGCGCGG
>ACar-1 [Vassetzky Oct 2012; RepBase SINE2-1_ACar based] African cichlids/Osteichthyes	ATGAGCTCCCTCTATCAGCTCCAGCTCCATGCGGGGACATGAGAGAAGCCTCCCACAAGGATGGTAAAAACATCAAAACATCCGGGCGTCCCCTGGGCAA
>Lj-1 [Gadzalski 2011; Lj_SINE-1] Lotus japonicus/Planta	GTCCCCGAAGGATAGCTCAAGTGGTAAGAGCTAGGGACATAAGGGTTGGGTGGGATGAAGGGTGAAGGGTCCCGGGTTCGAACCCGGAGGAGGGATTAAT
>SaliS-V [Wenke 2011] Populus trichocarpa/Planta	ACACACGGGGCTTGTAGCTCAGTGGCCTTGGCAGGCTTTGCCCTGCCTGAGTGCCCTGGTTCGAGCTCTCGTGTGTACCCAGCACTTGAGGGTTTAACTG
>SaliS-V [Wenke 2011] Populus trichocarpa/Planta	CTGTGGTCCATCGTGGACTTGTTCCGCCCCCCTCCCGGGTTCGACCCTCTATGTGCACGCCTGTCACCCCCGCGGTGCCTTACCTGCTCCTGGGCTTGCA
>Lj-3 [Gadzalski 2011; Lj_SINE-3] Lotus japonicus/Planta	ACCAAGTGGGTTGGTGTAGTGGTTCAGCACTTCATCCTTTAAGCAAGTGGTTGGGGGTTCGAATCCCAACTCTTGCGAATAGAAAAAACTCCTTGGCCAG
>CteNinDC [Vassetzky Jan 2017] Capitella teleta/Polychaeta	GGGGCACCGAATAGCTCAGTGGGTTAAACCGGCTGACTGCAATCCTATGCCGACCGTGGGGGTCGAGGTCCCGGGTTCGAGACCCGATCAGGCCACGGGC
>CteNinDC [Vassetzky Jan 2017] Capitella teleta/Polychaeta	GTTATGATTGTGAATTATAATTGTAATTCGTTATAATTGTAATTCTTCGGTGACTCTGCAGTGCTGCCCAACTGCGTAACAAGGCCGGGCGCTGTGTACT
>CteNinDC [Vassetzky Jan 2017] Capitella teleta/Polychaeta	ACTGTCTATGGTGGTATGCAGGATAAAGAACCCTTGGGATTTATCGATAAGAGTAGGGGGAAACCCCGGTCCCGGGCCTTCTGTTCTGGCGCCCGTATCA
>SaliS-IV [Wenke 2011] Populus trichocarpa/Planta	GCACTTGAGGTCTTGGCCTAGCGGTGGGAGGGGCTTGTTTCCTTCCTCTGCACCTGGGTTCGAGCCTTCATGTGCACGCCTGTCACCCCCGCGGTGCCTT
>SB12 [Deragon 2006] Brassica/Planta	CCAGCGGCCTTGGGCTAGTGGTACTTGAGGGGAAAACCCCCAATACGCTACCCGCAGTTCGAGTCCCGCTGGCCACCCGGGCTAGGGTTAAATCCCAAGA
>Mar1 [Vassetzky Oct 2012] marsupials/Mammalia	GGGGCAGCTAGGTGGCGCAGTGGATAGAGTACTAGGCCTGGAGTCAGGAAGACTCATCTTCCTGAGTTCAAATCTGGCCTCAGACACTTACTAGCTGTGT
>Mar1 [Vassetzky Oct 2012] marsupials/Mammalia	GACCCTGGGCAAGTCACTTAACCCTGTTTGCCTCAGTTTCCTCATCTGTAAAATGAGCTGGAGAAGGAAATGGCAAACCACTCCAGTATCTTTGCCAAGA
>OK [Ohshima 1994] octopus/Molusca	AGGCGCAGGAGTGGCTGTGTGGTAAGTAGCTTGCTTACCAACCACATGGTTCCGGGTTCAGTCCCACTGCGTGGCACCTTGGGCAAGTGTCTTCTACTAT
>OK [Ohshima 1994] octopus/Molusca	AGCCTCGGGCCGACCAATGCCTTGTGAGTGGATTTGGTAGACGGAAACTGAAAGAAGCCTGTCGTATATATGTATATATATATATATATGTGTGTGTGTG
>OK [Ohshima 1994] octopus/Molusca	TGTTTGTGTGTCTGTGTTTGTCCCCCTAGCATTGCTTGACAACCGATGCTGGTGTGTTTACGTCCCCGTAACTTAGCGGTTCGGCAAAAGAGACCGATAG
>OK [Ohshima 1994] octopus/Molusca	AATAAGTACTGGGCTTACAAAAGAATAAGTCCCGGGGTCGATTTGCTCGACTAAAGGCGGTGCTCCAGCATGGCCGCAGTCAAATGACTGAAACAAGTAA
>SP-3 [RepBase; SINE2-3_SP] Strongylocentrotus purpuratus/Echinoidea	AGGAGGCGAGTTGGCTCAGTCGGTAAAGCGTCCGTCTGTCGAACCAAAGATCCCGGGTTCGACTCCCACCCAGGCGGATGACTGAAGCCTGCGTTGTGTG
>SP-3 [RepBase; SINE2-3_SP] Strongylocentrotus purpuratus/Echinoidea	TTAACGTGCCCCTTCCCTTGTTCATAGACGCAGGTTATGTCAAGTGGAAAACACTCCGTCCCTCGGATAGGACGTTAAATGGAGGCCCCGTGTAGAGAAG
>SP-3 [RepBase; SINE2-3_SP] Strongylocentrotus purpuratus/Echinoidea	AGTCACTACCTTTGCACGTTAAGAACCCACTGCACTATTCGTATAAGAGTAGGGGGAAACCCCGGTGTAGTGGTCCACCTGCACACCCCAACCAGGCCGA
>PTr-1 [RepBase; SINE2-1_PTr] Populus trichocarpa/Planta	TAACCATCTAGGTGGTGGCCCAGTGGTAAGAGCTTGGGACCAAGAGGTTTGCTCCCTCTGTGGTCTCAGGTTCGAGCCCTGTGGTTGCTCATATGATGGC
>Mar3 [Munemasa 2008; Mar3a] marsupials/Mammalia	AGGGGCAGCTAGGTGGCACAGTGGATAGAGCACTGGCCCTGGAGTCAGGAGGACCTGAGTTCAAATCTGGCCTCAGACACTTACTAGCTGTGTGACCCTG
>5S-Sauria [Piskurek 2009] Anolis carolinensis/Lepidosauria	GCCTACGGCCATACCACCCTGAACACGCCCGATCTCGTCTGATCTCGGAAGCTAAGCAGGGTCGGGCCTGGTTAGTACTTGGATGGGAGACCGCCTGGGA
>5S-Sauria [Piskurek 2009] Anolis carolinensis/Lepidosauria	ATACCGGGTGCTGTAGGCTTTAGCCCCAGCTTCTGCCAACCTAGCAGTTCGAAAACATGCAAATGTGAGTAGATCAATAGGTACCGCTCCGGCGGGAAGG
>5S-Sauria [Piskurek 2009] Anolis carolinensis/Lepidosauria	TAACGGCGCTCCATGCAGTCATGCCGGCCACATGACCTTGGAGGTGTCTACGGACAACGCCGGCTCTTCGGCTTAGAAATGGAGATGAGCACCAACCCCC
>SP-4 [Vassetzky Oct 2012] Strongylocentrotus purpuratus/Echinoidea	GAGGTGTCGTGGTCGAGTGGATACGTCACCGGACTGTGGATCACAAGGTCCGCGGTTCGAGTCCCGCCGCGGCACTAATGTCCTTTGGCAAGACATTAAT
>SP-4 [Vassetzky Oct 2012] Strongylocentrotus purpuratus/Echinoidea	CTACATTTGCCACACTCCACCCAGGTGAGGTAAATGGGTACCTGGCAGGAATTAATTCCTTGAAATGCTAGAGCGCCGTAATGGCAGCCATGCTAAAGCC
>B1-dID [Kramerov 2001] Gliridae, Sciuridae & Aplodontidae/Mammalia	TAAGCAACTTAGTGAGACCCTGTCTCAAAATAAAAAAAAAAAAAAAAGGGGCTGGGGATGTGGCTCAGTGGTAGAGTGCCCCTGGGTTCAATCCCCAGTA
>SP-2 [RepBase; SINE2-2_SP] Strongylocentrotus purpuratus/Echinoidea	TACCGGGCATGGTGGCTCAGTGGTTAGAGCGCCCGCCTCATGAACGGGAGGTCGTGGGTTCGAACCCCGGCCGAGTCATACCAAAGACTTATAACAATGG
>SP-2 [RepBase; SINE2-2_SP] Strongylocentrotus purpuratus/Echinoidea	GACCTTCTGCCTTCTAGCTAGGCGCTCAGCATATTAGATTGGAGAAGGGTAGTAATAACATATTATGTTATGCAGGGCCCGCTGGAAGAGCAGTTTCATA
>SolS-VI [Wenke 2011] Solanacea/Planta	AACCCTCAGGGGTTGGCCTGCTGGCAATTGACTTGAGCCTTGGGGTTTGCTCCCTTTCAAGGTCTCAAGTTCGAAACCCACTGGGTGCAAACAATTTCTG
>SolS-VI [Wenke 2011] Solanacea/Planta	AGGGCCATCGGACTGGGTAAAACCTGAATTAACCGTGGTGCACTTGCGGGAAACTCCTTGCCGAGGGCCTGTGCACCCCCGGGATTAGTCGGGGCTCAAA
>Sepioth2B [Akasaki 2010] Sepioteuthinae & Loliginidae/Mollusca	CCCTTGGGAAAGGTATGAACCCCCTTATCCTCCCAGCTATGGGTTAAATAGTACCACTACTGTTCTTCTAGGAGAATGGCTTTGGCATTAAATAACCTAC
>SB13 [Deragon 2006] Brassica/Planta	CAACTCGAGTTGGCCTAGTGGTACTTGAGGGAGCTTCGGCCCCGATACGGTCCCGGGTTCGATTCGCGTTGGCCACGAGGGGTTTTACATGGGCTGCCTC
>SB13 [Deragon 2006] Brassica/Planta	TCGCCCTCCAGACCACTTCGCGTAACCAGGGGCCCTTTAGTGGACGCTTAAAAATCCTGTAATGGCATGGGCTTAGGCCCGGTGGGCTAGTCGATCACGC
>FabaS-V [Wenke 2011] Medicago truncatula/Planta	AACTCCAAAGGTTTGGTCTAGTGGTAAAAAGACAGGTCTTGAATCCGAGAGAACCCGGGTTCGAGCCCCGCTAGTGCCTTTGGAGGGAGGTAAATGTAAT
>Cre-3 [RepBase; SINEX-3_CR] Chlamydomonas reinhardtii/Algae	GGGGGGGTCGTCTAAATGGTTAAGACACTCAAGCCGATTTCGTTAAGGCTTCGAGAGATCCTGGGTTCGAATCCCGGTCACCCCACCAGGAAGGGCCCTG
>Cre-3 [RepBase; SINEX-3_CR] Chlamydomonas reinhardtii/Algae	GTTTACCAAAACCCATCCACACCTTGGTGGTGTGTAGACCCCCCCTGTGGTGCAGGGAGTCTCTGGGGTACAAGGCTGGAGCTCTGGGCCTGCAACTGGA
>Cre-3 [RepBase; SINEX-3_CR] Chlamydomonas reinhardtii/Algae	GAGCTTTCAAGTTCAAGATCCAAGATTCAAGTGGAGCTCTGGGCCTGTCAACTGGAGAGCTCTAGATGATCTGTGTGGTCATGGCAGTGGCTGTAGTTGT
>Cre-3 [RepBase; SINEX-3_CR] Chlamydomonas reinhardtii/Algae	CACCTAGCTGTTGAGAACTCCAGTAGGTGTGTGGTGTCACCTGGCTGTTGAGGTTTCCAGTAGGTGTGTGGTGGAACAAAAACTTCTCTTCTCTTCTCTG
>Cre-3 [RepBase; SINEX-3_CR] Chlamydomonas reinhardtii/Algae	ATCTCTGGCCCTATCGAGGTTCTGTGATATGATCCAGGCTGCCTTGGCAGTAGGGTGGTAGTGCGTCTACCACCGCAACCTTGTAAGGATGACTTTAAAA
>TS [Yoshioka 1993] tobacco/Planta	AGAGGTTGTGAGTTCGAGTCACTCCAAGAGCAAGGTGGGGAGTTTCTTGGAGGGAGGGAGCCGAGGGTCTATCGGAAACAGCCTCTCTACCCCATGGCAG
>CQ-3 [RepBase; SINE-3_CQ] Culex pipiens/Insecta	GCCGGGACCGTGGTGTAGGGGTAAGCGTGATTGCCTCTCACCCAGTCGGCCTGGGTTCGATCCCAGACGGTCCCGGTGGCATTTTTCGAGACGAGATTTG
>CQ-3 [RepBase; SINE-3_CQ] Culex pipiens/Insecta	TCTGATCACGCCTTCCGTCGGAAGGGAAGTAAATGTTGGTCCCGGACTAACCTAAAAAAGGTTAGGTCGTTAGCTCAGTCCAGGTGTAGGAGTCGTCTCC
>CQ-3 [RepBase; SINE-3_CQ] Culex pipiens/Insecta	CTGGGTCCTGCCTCGGTGGAGTCGCTGGTAGGCAGTTGGACTAACAATCCAAAGGTCGTCAGTTCGAATCCCGGGGTGGATGGAAGCTAAGGTGTAAAAA
>CQ-3 [RepBase; SINE-3_CQ] Culex pipiens/Insecta	GAGGTTTGCAATTGCCTCAACAATCAAGCCTTCGAACACCTAGTTTCGAGTAGGAATCTCGCAATCGAGAACGCCAAGGCAATGCTGTAGAGCGAATAAT
>Ruka [Sunter 2008] ixodid ticks/Arachnida	CCCCGCCGCGGTGGTCTAGTGGCTAAGGTACTCGGCTGCTGACCCGCAGGTCGCGGGTTCAAATCCCGGCTGCGGCGGCTGCATTTCTGATGGAGGCGGA
>Ruka [Sunter 2008] ixodid ticks/Arachnida	AATGTTGTAGGCCCGTGTACTCAGATTTGGGTGCACGTTAAAGAACCCTAGGTGGTCGAAATTTCCGGAGCCCTCCACTACGGCGTCTCTCATAATCATC
>Sepioth2A [Akasaki 2010] Sepioteuthinae/Mollusca	GGGTGTGCCCGTGGTGTAATGGTTAAAGCGATGAACTGCGGAATCGTAGTACGCGAGTTCGTACTCCAGTCGCGCTATTACGTTCACTTTCGGGCAAATG
>Sepioth2A [Akasaki 2010] Sepioteuthinae/Mollusca	CCCTTGGGAAAGGTATGAACCCCCTTATTCTCCCTCCAGCTATGGGTAAATAGTAGGACGGACTAGGTTCTTCAGCCTTGGTGAGGCAACTAGTCTAGGA
>ERE-A [Vassetzky Oct 2012] horses/Mammalia	GGGGCCGGCCCCGTGGCCGAGTGGTTAAGTTCGCGCGCTCCGCTTCGGCGGCCCAGGGTTTCGCTGGTTCGGATCCTGGGCGCGGACATGGCACCGCTCA
>ERE-A [Vassetzky Oct 2012] horses/Mammalia	TCAGGCCATGCTGAGGCGGCGTCCCACATAGCACAACTAGAAGGACCTACAACTAGAATATACAACTATGTACTGGGGGGCTTTGGGGAGAAAAAGAAAA
>AnolisSINE2 [Piskurek 2009] Anolis carolinensis//Lepidosauria	GGGGCCGGGCTGTGGCGCAGGCTGGTGAGCAGCCTGCTGCAATAAATCACTCTGACCATGAGGTCATGAGTTCGAGGCCAGCCCGTGGCGGGGTGAGCAC
>AnolisSINE2 [Piskurek 2009] Anolis carolinensis//Lepidosauria	CCGTCAATTAAAAAAAATAAAAAATAGCCCCTGCTCGTTGCTGACCTAGCAACCCGAAAGATAGTTGCATCTATCAAGTAGGAAATAAGGTACCACTTAT
>AnolisSINE2 [Piskurek 2009] Anolis carolinensis//Lepidosauria	AAAAAGTGGGGAGGCAAATTTAACTAATTTACGACGTTGGAATGAGGAAGTGCCGTCAGAGTGGATGATGAAGCAGCTGCTCCCCCCTCTGGCCAGAATC
>AnolisSINE2 [Piskurek 2009] Anolis carolinensis//Lepidosauria	GAACATCCCCTCAGGAGAAGGTTAAATTGCCTCTGCGTCTGTCTGTCTCTGTCTCGGTTCTATGTGTATATGGGCATTGAATGTTTGCCCTATATGTGTA
>Ped-2 [Gogolevsky 2008] springhare/Mammalia	GGGCTGGGATTTAGCTCAGTTGGTAGAGCGCTGCGCTGCAGTCTCTGAGGTCCCGAGTTCAATTCCCAGCACCGCAAAAATGGGAGAAGGACCTGGCAAT
>CQ-2 [RepBase; SINE2-2_CQ] Culex pipiens/Insecta	TGTCCCGCCCGTGTGGATCAATCGGACCGCGCACTGGACCCACAATCCAGAGGTTGCTGGTTCGAATCCCGCGGCGGGCGCTCTAAAATTCTAAGTGTAA
>CQ-2 [RepBase; SINE2-2_CQ] Culex pipiens/Insecta	ATATGGGTATCCGGCGCCGTCGCTCCGTGCCGTACTCAAACACTTAGGAGCCCAGGGCGGCGAAGTCCTTGTAGTTAAAAGGAAGACACTAGTGGTTGGT
>SP-7 [Vassetzky Oct 2012] Strongylocentrotus purpuratus/Echinoidea	GGAGGCGCGATGGCTCAGTGGTAGAGCAGTGGTCTCGTAACCGGGAGGTCCCGGGTTCGAAACCAAGTCGATGCGCTAGTGCCCTTTGGTAAGGCATTAA
>SP-7 [Vassetzky Oct 2012] Strongylocentrotus purpuratus/Echinoidea	TCCTCATTACCAAGTCCCTCGGAGAGGACTTAAAGCCGTCGGTCCCCTGGTTGCTTACTTACAAGCATAATATGCTTTCTTAGCAGTCAGGTAAAAAAAA
>DR-2 [RepBase; SINE2-1_DR] Danio rerio/Osteichthyes	GTCGGCGCCAATAGCCTAGTGGTTAGTGCGTCGACACATAGCACCGAGGTGCTCGCAGCGACCCGAGTTCGATTCCCGTCTCGAGGTCCTTTGCTGATCC
>Sepia [Akasaki 2010] Sepiida/Mollusca	GCACGGTGGAGTAATGGATATCGGCTCGGATATGAGGAATCGGAGAGCCGAGTTCGAATTCCAGTCGGATCCATTACATTCACTTACGTGCTAATACCCT
>AvaIII [Kido 1994] Salmonidae/Osteichthyes	GGGGCGGCAGGGTAGCCTGGCGGGTAGGAGCGTTGGGCCAGTAACCGAAAGGTTGCTGGATCGAATCCCCGAGCTGACAAGGTAAAAATCTGTCGTTCTG
>AvaIII [Kido 1994] Salmonidae/Osteichthyes	CCCCTGAGCAGGGCAGTTAACCCACTGTTCCCCGGGCGCCGATGATGTGGATGTCGATTAAGGCAGCCCCCCGCACCTCTCTGATTCAGAGGGGTTGGGT
>BbeA4 [Kosushkin 2020] lancelet/Leptocardii	GTGGGGTCGTGTGGCGCAGCGGTAGCGCGTTCGGCTCAGGACCTAGAGGTCCCGAGTTCGATCCCCACCCATGTCACCGATCTTGTGCCCTTGGGAAAGG
>BbeA4 [Kosushkin 2020] lancelet/Leptocardii	CACTTTACACGACTTTCCTCACTTCACTCAGGTGTAAATGAGTACCTAGCTTCGGTTAGGGACGTCCCTCGGATAGGACGTTAAATGGAGGTCCCGTGTT
>BbeA4 [Kosushkin 2020] lancelet/Leptocardii	TGGGGAGAGCCACACCTCGAGCACGCTAAAGAACCCGCCACACTTATCGAAAAGAGTAGGGGATCTTCCCGGTGTGAGTGGATCAAACATTACAGTCTTG
>SP-1 [RepBase; SINE2-1_SP] Strongylocentrotus purpuratus/Echinoidea	TACCGGAGTGTTGGCTCAGTCAGTAGAGCGTCCGCCTCACAACCGGGAGGTCGTGGGTTCGAACCCCGGCCGCGTCATACCAAAAGACGTTAAAAGATGG
>SP-1 [RepBase; SINE2-1_SP] Strongylocentrotus purpuratus/Echinoidea	GAGTTGTTGCTACCTTGTTTGGCGTTCAACAATAAGGGATAGAGCAACGTCGATCTGGCGCTGCTCAGTGGCTGCCGGGCTCACGATCAATTGGGCAAAA
>CHRS-2 [Nikaido 2001; CHR-2; CHRS subfamily] cetaceans, hippopotamuses & ruminants/Mammalia	GGGCTTCCCTGGTGGCGCAGTGGTTAAGAATCCGCCTGCCAATGCAGGGGACACGGGTTCGAGCCCTGGTCCGGGAAGATCCCACATGCCGCGGAGCAAC
>CHRS-2 [Nikaido 2001; CHR-2; CHRS subfamily] cetaceans, hippopotamuses & ruminants/Mammalia	TAAGCCCGTGCGCCACAACTACTGAGCCTGCGCTCTAGAGCCCGCGAGCCACAACTACTGAGCCCACGTGCCACAACTACTGAAGCCCGCGCGCCTAGAG
>CHRS-2 [Nikaido 2001; CHR-2; CHRS subfamily] cetaceans, hippopotamuses & ruminants/Mammalia	CCCGTGCTCCGCAACAAGAGAAGCCACCGCAATGAGAAGCCCGCGCACCGCAACGAAGAGTAGCCCCCGCTCGCCGCAACTAGAGAAAGCCCGCGCGCAG
>VitaS-I [Wenke 2011] Vitis vinifera/Planta	GCCCTTGAGGCCTGGCTCAAGTGGTAAAGGGATGGGGAGGGTTTGTGGGAGGTTCCAGGTTCAAGTCCCAATGGGGACAAAAATTTACCTATCAAAAAAA
>ID-Spe [Churakov 2010] Sciuromorpha/Mammalia	GGGGCTGGGGTTGTGGCTCAGTGGTAGAGCGCTTGCCTAGCATGTGTGAGGCACTGGGTTTGATCCTCAGCACCACATAAAAATAAATAAATAAATAAAT
>SolS-VII [Wenke 2011] Solanacea/Planta	TAACCCTGAGGGGTAGCTCAGCTGGTAAAGGCCTGAGGACAAAGTCCTTCAGGTCGCCAGTTCGAGCCCCAGCAGGGCCACTGGAGGCATTACAAACCGG
>SolS-VII [Wenke 2011] Solanacea/Planta	CCGCGTCTCCAGGGCCCCGTGGAACTAACCGTGGTGCACCCGCCTTGAAACAGCGGGACCCGGTGGGTACAGCTAGTCGGGTTCGCAAAGCGACACCCGG
>BbeA8 [Kosushkin 2020] lancelet/Leptocardii	GTGGCGTCGTGTGGTGTAGTGGTACATCACTGGACTATGAAACGGGGAGACCCGGGTTCGATTCCGGGTCGTACCCGAACAAGTCCGAACATGCGCCCCG
>BbeA8 [Kosushkin 2020] lancelet/Leptocardii	ACGTTGTACCCTTGGGAAAGGTACTTTACACGACTTTCCTCACTTCACTCAGGTGAAAATGAGTACCTAGCTTCGGCTAGGGACGTCCCTCGGATAGGAC
>BbeA8 [Kosushkin 2020] lancelet/Leptocardii	GTTAAATGGAGGTCCCGTGTTTGGGAGAGCCACACCCCACGCACGTTAAAGAACCCACCACACTTATCGAAAAGAGTAGGGGACCTTCCCGGTGTGAGTG
>BbeA8 [Kosushkin 2020] lancelet/Leptocardii	GTTCAAACCTTACAGTCTGGTCTCAGGGTTGACATCTTTGAAAAGGTGATAGTCACCTGTTATGTCAATCCTTCCACAAATGTGGTAAATCTTCATAAAT
>SB5 [Deragon 2006] Arabidopsis & Brassica/Planta	AACCGGGCCTCGTGGTCTGGTGGTAAAGGAACCTCGGCTGAGGTGCCCGCCACCCGAGTTCGAGCCCCGGCCACAACGGATTTAACATGCCTTCCGTTGG
>Talub [Vassetzky Aug 2011] termites/Insecta	GGCCGTGCCATGGCTCAGGCGGTTAGTCGCCGGCCTCTCACCGCGGAGGCCCGGGTTCGATCCCGGGTCAGTCCATGTGGGATTTGTGGTGGACAAAGTG
>Talub [Vassetzky Aug 2011] termites/Insecta	GCACTGGGACAGGTTTTTCCCCGAGTACTTCGGTTTTCCCCTGTCAATTTCATTCCACCGGTGCTCCATTACTTGGAAAAACGAAAAAAACTAATCATTC
>BbeA9 [Kosushkin 2020] lancelet/Leptocardii	GTGGGGTCGTGTGGCGCAATCGGTAGCGCGTTCGGCTCACACCCCAGAGGTCGTGGGTTCGAACCCCACCTTGTCACCGATCTTGTGCCCTTGGGAAAGG
>BbeA9 [Kosushkin 2020] lancelet/Leptocardii	CACTTTACACGACTTTCCTCACTTCACTCAGGTGGAAATGAGTACCTAGCTTCGGCTAGGGACGTCCCTCGGATAGGACGTTAAATGGAGGTCCCGTGTT
>BbeA9 [Kosushkin 2020] lancelet/Leptocardii	TGGGGAGAGCCACACCCCACGCACGTTAAAGAACCCACCACACCTTTCGAAAAAGAGTAGGGGCATGCCCCGGTGTGCGATGGTACAAACACTACTGTAT
>BbeA9 [Kosushkin 2020] lancelet/Leptocardii	GGAGTTGGTGATTCACTTCAAATCACCCGAATGGAGGCCTGGCGAACCTCTGTTCCGTATCAGCCACATGGTGATTACATCACCACACATGGTGATTACA
>BbeA9 [Kosushkin 2020] lancelet/Leptocardii	TCATCACCCGGACGGAGGCGTGGCGAACCCCGTCTTGTATTAAGCTAACGAAAGGGTATGTCACCTCGTAAGGGGCGGTATAACCCCGACCAATACGGTC
>NV-1 [Vassetzky Oct 2012; RepBase SINE2-1_NV based] Nematostella vectensis/Cnidaria	TGGAATCACAGGTGGCCCAGTGTGTTAGCGCGTCAGCGTATGGGGCCTCTCACCTCTGCTGAAACGGGTTCGATTCCCGGTCGAGACATGGATAGTATCT
>NV-1 [Vassetzky Oct 2012; RepBase SINE2-1_NV based] Nematostella vectensis/Cnidaria	TTCTGTTTCTCGGCCCTGAATTTGACTTGTTGAACGTATGTGAGCTTACTAGAAGCTTGTGTTCCTCAGTTCCAAGATGGGACATTCTTAATACATAATA
>BbeA3 [Kosushkin 2020] lancelet/Leptocardii	GTGGGGTCGTGTGGCGCAGCGGTAGCGCGTTCGGCTCAGGACCTAGAGGTCCCGGGTTCGATCCCCACCCATGTCACCGATCTTGTGCCCTTGGGAAAGG
>BbeA3 [Kosushkin 2020] lancelet/Leptocardii	CACTTTACACGACTTTCCTCACTTCACTCAGGTGTAAATGAGTACCTAGCTTCGGTTAGGGACGTCCCTCGGATAGGACGTTAAATGGAGGTCCCGTGTT
>BbeA3 [Kosushkin 2020] lancelet/Leptocardii	TGGGGAGAGCCACACCCCACGCACGTTAAAGAACCCACCACACCTTTCGAAAAAGAGTAGGGGCATGCCCCGGTGTGCGATGGTACAAATTCTACAATCC
>Opo-1 [Vassetzky Aug 2011] American marsupials/Mammalia	GGGGCAGCTGGGTGGCTCAGTGGATTGAGAGCCAGGCCTAGAGACGGGAGGTCCTGGGTTCAAATCTGGCCTCAGACACTTCCTAGCTGTGTGACCCTGG
>Opo-1 [Vassetzky Aug 2011] American marsupials/Mammalia	GCAAGTCACTTAACCCCCATTGCCTAGCCCTTACCACTCTTCTGCCTTGGAACCAATACACAGTATTGATTCTAAGACGGAAGGTAAGGGTTTAAAAAAA
>ScroS-I [Wenke 2011] Mimulus guttatus/Planta	ACCCGCAAGGGTGGCCTAGCGGTTGGAGCAAGAGAGCTTGGGTCAATTGACCCAAGTTCGAATCCCCTTGCCAACGGTCGCTAGGTCGAGCTTGTCACAC
>ScroS-I [Wenke 2011] Mimulus guttatus/Planta	ATGGTTAGCCTAGTGTGGTTTACATCTCTCGTATGGTTTGCAAGCTATTATACGAGAGTGTAGGTTTACCCAGTGCACCTATATGGTTGGCTGCGGGTTC
>NV-2 [RepBase; SINE2-2_NV] Nematostella vectensis/Cnidaria	TGGGAGCCTAGGTGGCGCAGTTGGCAGAGCGTCGCTCTGTAGTGCCTGTGCCTCTCACCACTGGGTTCTGGGTTCGATTCCCGGTTCCGACGTGAGTTGA
>NV-2 [RepBase; SINE2-2_NV] Nematostella vectensis/Cnidaria	GTTAGTTGGTCTCGCCTTTGCTCCGAGGGTTTTTCTCCGGGTTCTCCGGTTTTCATCCCTCCACAAAACCAACAATTTCGATCTTAGCTGTGATCCGTGG
>NV-2 [RepBase; SINE2-2_NV] Nematostella vectensis/Cnidaria	TCAGACATGAGTTGTATGGCGGCTGCCTGAGGCGCCTTCCTATATGCCTTCAACTCGACCACGTCTGAATCTGCGCTCTCGTAATTCAGCTTCCCAGCTG
>Fc-1_cat [Vassetzky Oct 2012] Carnivora/Mammalia	GGGGCGCCTGGCTGGCTCAGTCGGTAGAGCATGCGACTCTTGATCTCGGGGTCGTGAGTTCGAGCCCCACGTTGGGTGTAGAGATTACTTAAAAAAAAAA
